ts_az,demand_mw
2025-01-01T00:00:00,1423.0
2025-01-01T01:00:00,1410.0
2025-01-01T02:00:00,1388.0
2025-01-01T03:00:00,1389.0
2025-01-01T04:00:00,1398.0
2025-01-01T05:00:00,1405.0
2025-01-01T06:00:00,1436.0
2025-01-01T07:00:00,1489.0
2025-01-01T08:00:00,1542.0
2025-01-01T09:00:00,1494.0
2025-01-01T10:00:00,1335.0
2025-01-01T11:00:00,1207.0
2025-01-01T12:00:00,1133.0
2025-01-01T13:00:00,1084.0
2025-01-01T14:00:00,1094.0
2025-01-01T15:00:00,1133.0
2025-01-01T16:00:00,1207.0
2025-01-01T17:00:00,1343.0
2025-01-01T18:00:00,1467.0
2025-01-01T19:00:00,1501.0
2025-01-01T20:00:00,1502.0
2025-01-01T21:00:00,1499.0
2025-01-01T22:00:00,1476.0
2025-01-01T23:00:00,1442.0
2025-01-02T00:00:00,1398.0
2025-01-02T01:00:00,1379.0
2025-01-02T02:00:00,1349.0
2025-01-02T03:00:00,1322.0
2025-01-02T04:00:00,1337.0
2025-01-02T05:00:00,1381.0
2025-01-02T06:00:00,1464.0
2025-01-02T07:00:00,1567.0
2025-01-02T08:00:00,1632.0
2025-01-02T09:00:00,1558.0
2025-01-02T10:00:00,1396.0
2025-01-02T11:00:00,1246.0
2025-01-02T12:00:00,1157.0
2025-01-02T13:00:00,1106.0
2025-01-02T14:00:00,1105.0
2025-01-02T15:00:00,1149.0
2025-01-02T16:00:00,1239.0
2025-01-02T17:00:00,1355.0
2025-01-02T18:00:00,1482.0
2025-01-02T19:00:00,1521.0
2025-01-02T20:00:00,1510.0
2025-01-02T21:00:00,1481.0
2025-01-02T22:00:00,1473.0
2025-01-02T23:00:00,1422.0
2025-01-03T00:00:00,1367.0
2025-01-03T01:00:00,1333.0
2025-01-03T02:00:00,1327.0
2025-01-03T03:00:00,1322.0
2025-01-03T04:00:00,1329.0
2025-01-03T05:00:00,1354.0
2025-01-03T06:00:00,1414.0
2025-01-03T07:00:00,1517.0
2025-01-03T08:00:00,1557.0
2025-01-03T09:00:00,1487.0
2025-01-03T10:00:00,1360.0
2025-01-03T11:00:00,1259.0
2025-01-03T12:00:00,1186.0
2025-01-03T13:00:00,1167.0
2025-01-03T14:00:00,1157.0
2025-01-03T15:00:00,1209.0
2025-01-03T16:00:00,1296.0
2025-01-03T17:00:00,1373.0
2025-01-03T18:00:00,1466.0
2025-01-03T19:00:00,1474.0
2025-01-03T20:00:00,1440.0
2025-01-03T21:00:00,1422.0
2025-01-03T22:00:00,1389.0
2025-01-03T23:00:00,1335.0
2025-01-04T00:00:00,1277.0
2025-01-04T01:00:00,1221.0
2025-01-04T02:00:00,1196.0
2025-01-04T03:00:00,1199.0
2025-01-04T04:00:00,1206.0
2025-01-04T05:00:00,1219.0
2025-01-04T06:00:00,1253.0
2025-01-04T07:00:00,1314.0
2025-01-04T08:00:00,1382.0
2025-01-04T09:00:00,1374.0
2025-01-04T10:00:00,1253.0
2025-01-04T11:00:00,1147.0
2025-01-04T12:00:00,1085.0
2025-01-04T13:00:00,1051.0
2025-01-04T14:00:00,1067.0
2025-01-04T15:00:00,1118.0
2025-01-04T16:00:00,1204.0
2025-01-04T17:00:00,1337.0
2025-01-04T18:00:00,1448.0
2025-01-04T19:00:00,1496.0
2025-01-04T20:00:00,1483.0
2025-01-04T21:00:00,1462.0
2025-01-04T22:00:00,1438.0
2025-01-04T23:00:00,1394.0
2025-01-05T00:00:00,1341.0
2025-01-05T01:00:00,1316.0
2025-01-05T02:00:00,1283.0
2025-01-05T03:00:00,1271.0
2025-01-05T04:00:00,1282.0
2025-01-05T05:00:00,1313.0
2025-01-05T06:00:00,1358.0
2025-01-05T07:00:00,1427.0
2025-01-05T08:00:00,1482.0
2025-01-05T09:00:00,1449.0
2025-01-05T10:00:00,1331.0
2025-01-05T11:00:00,1203.0
2025-01-05T12:00:00,1130.0
2025-01-05T13:00:00,1094.0
2025-01-05T14:00:00,1068.0
2025-01-05T15:00:00,1136.0
2025-01-05T16:00:00,1218.0
2025-01-05T17:00:00,1371.0
2025-01-05T18:00:00,1528.0
2025-01-05T19:00:00,1580.0
2025-01-05T20:00:00,1569.0
2025-01-05T21:00:00,1562.0
2025-01-05T22:00:00,1515.0
2025-01-05T23:00:00,1435.0
2025-01-06T00:00:00,1352.0
2025-01-06T01:00:00,1325.0
2025-01-06T02:00:00,1318.0
2025-01-06T03:00:00,1331.0
2025-01-06T04:00:00,1352.0
2025-01-06T05:00:00,1400.0
2025-01-06T06:00:00,1550.0
2025-01-06T07:00:00,1678.0
2025-01-06T08:00:00,1754.0
2025-01-06T09:00:00,1691.0
2025-01-06T10:00:00,1492.0
2025-01-06T11:00:00,1338.0
2025-01-06T12:00:00,1287.0
2025-01-06T13:00:00,1257.0
2025-01-06T14:00:00,1198.0
2025-01-06T15:00:00,1214.0
2025-01-06T16:00:00,1285.0
2025-01-06T17:00:00,1414.0
2025-01-06T18:00:00,1540.0
2025-01-06T19:00:00,1601.0
2025-01-06T20:00:00,1598.0
2025-01-06T21:00:00,1579.0
2025-01-06T22:00:00,1542.0
2025-01-06T23:00:00,1494.0
2025-01-07T00:00:00,1437.0
2025-01-07T01:00:00,1416.0
2025-01-07T02:00:00,1398.0
2025-01-07T03:00:00,1400.0
2025-01-07T04:00:00,1396.0
2025-01-07T05:00:00,1436.0
2025-01-07T06:00:00,1534.0
2025-01-07T07:00:00,1652.0
2025-01-07T08:00:00,1717.0
2025-01-07T09:00:00,1688.0
2025-01-07T10:00:00,1617.0
2025-01-07T11:00:00,1508.0
2025-01-07T12:00:00,1422.0
2025-01-07T13:00:00,1387.0
2025-01-07T14:00:00,1327.0
2025-01-07T15:00:00,1319.0
2025-01-07T16:00:00,1358.0
2025-01-07T17:00:00,1470.0
2025-01-07T18:00:00,1599.0
2025-01-07T19:00:00,1656.0
2025-01-07T20:00:00,1638.0
2025-01-07T21:00:00,1619.0
2025-01-07T22:00:00,1558.0
2025-01-07T23:00:00,1483.0
2025-01-08T00:00:00,1423.0
2025-01-08T01:00:00,1387.0
2025-01-08T02:00:00,1367.0
2025-01-08T03:00:00,1366.0
2025-01-08T04:00:00,1377.0
2025-01-08T05:00:00,1426.0
2025-01-08T06:00:00,1521.0
2025-01-08T07:00:00,1648.0
2025-01-08T08:00:00,1720.0
2025-01-08T09:00:00,1682.0
2025-01-08T10:00:00,1592.0
2025-01-08T11:00:00,1464.0
2025-01-08T12:00:00,1487.0
2025-01-08T13:00:00,1453.0
2025-01-08T14:00:00,1457.0
2025-01-08T15:00:00,1433.0
2025-01-08T16:00:00,1499.0
2025-01-08T17:00:00,1571.0
2025-01-08T18:00:00,1709.0
2025-01-08T19:00:00,1805.0
2025-01-08T20:00:00,1794.0
2025-01-08T21:00:00,1795.0
2025-01-08T22:00:00,1738.0
2025-01-08T23:00:00,1665.0
2025-01-09T00:00:00,1595.0
2025-01-09T01:00:00,1550.0
2025-01-09T02:00:00,1532.0
2025-01-09T03:00:00,1533.0
2025-01-09T04:00:00,1555.0
2025-01-09T05:00:00,1598.0
2025-01-09T06:00:00,1704.0
2025-01-09T07:00:00,1839.0
2025-01-09T08:00:00,1900.0
2025-01-09T09:00:00,1827.0
2025-01-09T10:00:00,1688.0
2025-01-09T11:00:00,1492.0
2025-01-09T12:00:00,1374.0
2025-01-09T13:00:00,1292.0
2025-01-09T14:00:00,1273.0
2025-01-09T15:00:00,1308.0
2025-01-09T16:00:00,1408.0
2025-01-09T17:00:00,1585.0
2025-01-09T18:00:00,1707.0
2025-01-09T19:00:00,1772.0
2025-01-09T20:00:00,1772.0
2025-01-09T21:00:00,1753.0
2025-01-09T22:00:00,1704.0
2025-01-09T23:00:00,1639.0
2025-01-10T00:00:00,1560.0
2025-01-10T01:00:00,1508.0
2025-01-10T02:00:00,1490.0
2025-01-10T03:00:00,1499.0
2025-01-10T04:00:00,1524.0
2025-01-10T05:00:00,1574.0
2025-01-10T06:00:00,1663.0
2025-01-10T07:00:00,1775.0
2025-01-10T08:00:00,1856.0
2025-01-10T09:00:00,1770.0
2025-01-10T10:00:00,1583.0
2025-01-10T11:00:00,1434.0
2025-01-10T12:00:00,1329.0
2025-01-10T13:00:00,1260.0
2025-01-10T14:00:00,1233.0
2025-01-10T15:00:00,1249.0
2025-01-10T16:00:00,1317.0
2025-01-10T17:00:00,1470.0
2025-01-10T18:00:00,1644.0
2025-01-10T19:00:00,1717.0
2025-01-10T20:00:00,1710.0
2025-01-10T21:00:00,1699.0
2025-01-10T22:00:00,1683.0
2025-01-10T23:00:00,1635.0
2025-01-11T00:00:00,1582.0
2025-01-11T01:00:00,1550.0
2025-01-11T02:00:00,1549.0
2025-01-11T03:00:00,1557.0
2025-01-11T04:00:00,1577.0
2025-01-11T05:00:00,1607.0
2025-01-11T06:00:00,1671.0
2025-01-11T07:00:00,1751.0
2025-01-11T08:00:00,1824.0
2025-01-11T09:00:00,1761.0
2025-01-11T10:00:00,1582.0
2025-01-11T11:00:00,1411.0
2025-01-11T12:00:00,1306.0
2025-01-11T13:00:00,1220.0
2025-01-11T14:00:00,1195.0
2025-01-11T15:00:00,1215.0
2025-01-11T16:00:00,1299.0
2025-01-11T17:00:00,1452.0
2025-01-11T18:00:00,1613.0
2025-01-11T19:00:00,1674.0
2025-01-11T20:00:00,1675.0
2025-01-11T21:00:00,1665.0
2025-01-11T22:00:00,1643.0
2025-01-11T23:00:00,1621.0
2025-01-12T00:00:00,1579.0
2025-01-12T01:00:00,1558.0
2025-01-12T02:00:00,1554.0
2025-01-12T03:00:00,1568.0
2025-01-12T04:00:00,1584.0
2025-01-12T05:00:00,1595.0
2025-01-12T06:00:00,1658.0
2025-01-12T07:00:00,1738.0
2025-01-12T08:00:00,1810.0
2025-01-12T09:00:00,1756.0
2025-01-12T10:00:00,1577.0
2025-01-12T11:00:00,1433.0
2025-01-12T12:00:00,1306.0
2025-01-12T13:00:00,1229.0
2025-01-12T14:00:00,1208.0
2025-01-12T15:00:00,1225.0
2025-01-12T16:00:00,1300.0
2025-01-12T17:00:00,1458.0
2025-01-12T18:00:00,1633.0
2025-01-12T19:00:00,1735.0
2025-01-12T20:00:00,1739.0
2025-01-12T21:00:00,1732.0
2025-01-12T22:00:00,1696.0
2025-01-12T23:00:00,1638.0
2025-01-13T00:00:00,1588.0
2025-01-13T01:00:00,1576.0
2025-01-13T02:00:00,1563.0
2025-01-13T03:00:00,1588.0
2025-01-13T04:00:00,1621.0
2025-01-13T05:00:00,1696.0
2025-01-13T06:00:00,1808.0
2025-01-13T07:00:00,1947.0
2025-01-13T08:00:00,2005.0
2025-01-13T09:00:00,1874.0
2025-01-13T10:00:00,1693.0
2025-01-13T11:00:00,1526.0
2025-01-13T12:00:00,1415.0
2025-01-13T13:00:00,1317.0
2025-01-13T14:00:00,1277.0
2025-01-13T15:00:00,1275.0
2025-01-13T16:00:00,1341.0
2025-01-13T17:00:00,1505.0
2025-01-13T18:00:00,1694.0
2025-01-13T19:00:00,1781.0
2025-01-13T20:00:00,1788.0
2025-01-13T21:00:00,1788.0
2025-01-13T22:00:00,1739.0
2025-01-13T23:00:00,1665.0
2025-01-14T00:00:00,1606.0
2025-01-14T01:00:00,1597.0
2025-01-14T02:00:00,1615.0
2025-01-14T03:00:00,1622.0
2025-01-14T04:00:00,1656.0
2025-01-14T05:00:00,1718.0
2025-01-14T06:00:00,1820.0
2025-01-14T07:00:00,1957.0
2025-01-14T08:00:00,2017.0
2025-01-14T09:00:00,1863.0
2025-01-14T10:00:00,1652.0
2025-01-14T11:00:00,1459.0
2025-01-14T12:00:00,1333.0
2025-01-14T13:00:00,1258.0
2025-01-14T14:00:00,1214.0
2025-01-14T15:00:00,1217.0
2025-01-14T16:00:00,1302.0
2025-01-14T17:00:00,1460.0
2025-01-14T18:00:00,1631.0
2025-01-14T19:00:00,1729.0
2025-01-14T20:00:00,1776.0
2025-01-14T21:00:00,1769.0
2025-01-14T22:00:00,1738.0
2025-01-14T23:00:00,1682.0
2025-01-15T00:00:00,1624.0
2025-01-15T01:00:00,1592.0
2025-01-15T02:00:00,1584.0
2025-01-15T03:00:00,1597.0
2025-01-15T04:00:00,1614.0
2025-01-15T05:00:00,1670.0
2025-01-15T06:00:00,1789.0
2025-01-15T07:00:00,1890.0
2025-01-15T08:00:00,1938.0
2025-01-15T09:00:00,1808.0
2025-01-15T10:00:00,1560.0
2025-01-15T11:00:00,1383.0
2025-01-15T12:00:00,1255.0
2025-01-15T13:00:00,1176.0
2025-01-15T14:00:00,1146.0
2025-01-15T15:00:00,1168.0
2025-01-15T16:00:00,1238.0
2025-01-15T17:00:00,1378.0
2025-01-15T18:00:00,1544.0
2025-01-15T19:00:00,1619.0
2025-01-15T20:00:00,1618.0
2025-01-15T21:00:00,1585.0
2025-01-15T22:00:00,1531.0
2025-01-15T23:00:00,1459.0
2025-01-16T00:00:00,1409.0
2025-01-16T01:00:00,1393.0
2025-01-16T02:00:00,1375.0
2025-01-16T03:00:00,1369.0
2025-01-16T04:00:00,1404.0
2025-01-16T05:00:00,1450.0
2025-01-16T06:00:00,1548.0
2025-01-16T07:00:00,1678.0
2025-01-16T08:00:00,1735.0
2025-01-16T09:00:00,1643.0
2025-01-16T10:00:00,1464.0
2025-01-16T11:00:00,1345.0
2025-01-16T12:00:00,1249.0
2025-01-16T13:00:00,1195.0
2025-01-16T14:00:00,1183.0
2025-01-16T15:00:00,1223.0
2025-01-16T16:00:00,1325.0
2025-01-16T17:00:00,1453.0
2025-01-16T18:00:00,1565.0
2025-01-16T19:00:00,1634.0
2025-01-16T20:00:00,1624.0
2025-01-16T21:00:00,1591.0
2025-01-16T22:00:00,1533.0
2025-01-16T23:00:00,1487.0
2025-01-17T00:00:00,1420.0
2025-01-17T01:00:00,1378.0
2025-01-17T02:00:00,1353.0
2025-01-17T03:00:00,1346.0
2025-01-17T04:00:00,1364.0
2025-01-17T05:00:00,1421.0
2025-01-17T06:00:00,1520.0
2025-01-17T07:00:00,1651.0
2025-01-17T08:00:00,1730.0
2025-01-17T09:00:00,1642.0
2025-01-17T10:00:00,1481.0
2025-01-17T11:00:00,1341.0
2025-01-17T12:00:00,1237.0
2025-01-17T13:00:00,1189.0
2025-01-17T14:00:00,1188.0
2025-01-17T15:00:00,1206.0
2025-01-17T16:00:00,1285.0
2025-01-17T17:00:00,1410.0
2025-01-17T18:00:00,1543.0
2025-01-17T19:00:00,1620.0
2025-01-17T20:00:00,1612.0
2025-01-17T21:00:00,1609.0
2025-01-17T22:00:00,1580.0
2025-01-17T23:00:00,1525.0
2025-01-18T00:00:00,1481.0
2025-01-18T01:00:00,1457.0
2025-01-18T02:00:00,1459.0
2025-01-18T03:00:00,1473.0
2025-01-18T04:00:00,1485.0
2025-01-18T05:00:00,1528.0
2025-01-18T06:00:00,1606.0
2025-01-18T07:00:00,1692.0
2025-01-18T08:00:00,1761.0
2025-01-18T09:00:00,1688.0
2025-01-18T10:00:00,1521.0
2025-01-18T11:00:00,1386.0
2025-01-18T12:00:00,1266.0
2025-01-18T13:00:00,1186.0
2025-01-18T14:00:00,1155.0
2025-01-18T15:00:00,1177.0
2025-01-18T16:00:00,1253.0
2025-01-18T17:00:00,1424.0
2025-01-18T18:00:00,1567.0
2025-01-18T19:00:00,1651.0
2025-01-18T20:00:00,1645.0
2025-01-18T21:00:00,1638.0
2025-01-18T22:00:00,1628.0
2025-01-18T23:00:00,1589.0
2025-01-19T00:00:00,1543.0
2025-01-19T01:00:00,1539.0
2025-01-19T02:00:00,1530.0
2025-01-19T03:00:00,1528.0
2025-01-19T04:00:00,1549.0
2025-01-19T05:00:00,1587.0
2025-01-19T06:00:00,1648.0
2025-01-19T07:00:00,1737.0
2025-01-19T08:00:00,1803.0
2025-01-19T09:00:00,1743.0
2025-01-19T10:00:00,1565.0
2025-01-19T11:00:00,1397.0
2025-01-19T12:00:00,1283.0
2025-01-19T13:00:00,1211.0
2025-01-19T14:00:00,1174.0
2025-01-19T15:00:00,1186.0
2025-01-19T16:00:00,1260.0
2025-01-19T17:00:00,1408.0
2025-01-19T18:00:00,1553.0
2025-01-19T19:00:00,1628.0
2025-01-19T20:00:00,1637.0
2025-01-19T21:00:00,1630.0
2025-01-19T22:00:00,1611.0
2025-01-19T23:00:00,1557.0
2025-01-20T00:00:00,1517.0
2025-01-20T01:00:00,1502.0
2025-01-20T02:00:00,1497.0
2025-01-20T03:00:00,1516.0
2025-01-20T04:00:00,1549.0
2025-01-20T05:00:00,1610.0
2025-01-20T06:00:00,1710.0
2025-01-20T07:00:00,1803.0
2025-01-20T08:00:00,1895.0
2025-01-20T09:00:00,1817.0
2025-01-20T10:00:00,1618.0
2025-01-20T11:00:00,1421.0
2025-01-20T12:00:00,1295.0
2025-01-20T13:00:00,1223.0
2025-01-20T14:00:00,1188.0
2025-01-20T15:00:00,1207.0
2025-01-20T16:00:00,1314.0
2025-01-20T17:00:00,1469.0
2025-01-20T18:00:00,1645.0
2025-01-20T19:00:00,1741.0
2025-01-20T20:00:00,1730.0
2025-01-20T21:00:00,1720.0
2025-01-20T22:00:00,1672.0
2025-01-20T23:00:00,1614.0
2025-01-21T00:00:00,1552.0
2025-01-21T01:00:00,1515.0
2025-01-21T02:00:00,1518.0
2025-01-21T03:00:00,1526.0
2025-01-21T04:00:00,1561.0
2025-01-21T05:00:00,1624.0
2025-01-21T06:00:00,1733.0
2025-01-21T07:00:00,1894.0
2025-01-21T08:00:00,1948.0
2025-01-21T09:00:00,1811.0
2025-01-21T10:00:00,1607.0
2025-01-21T11:00:00,1446.0
2025-01-21T12:00:00,1326.0
2025-01-21T13:00:00,1217.0
2025-01-21T14:00:00,1180.0
2025-01-21T15:00:00,1185.0
2025-01-21T16:00:00,1246.0
2025-01-21T17:00:00,1444.0
2025-01-21T18:00:00,1614.0
2025-01-21T19:00:00,1725.0
2025-01-21T20:00:00,1759.0
2025-01-21T21:00:00,1797.0
2025-01-21T22:00:00,1764.0
2025-01-21T23:00:00,1702.0
2025-01-22T00:00:00,1647.0
2025-01-22T01:00:00,1622.0
2025-01-22T02:00:00,1619.0
2025-01-22T03:00:00,1631.0
2025-01-22T04:00:00,1665.0
2025-01-22T05:00:00,1740.0
2025-01-22T06:00:00,1856.0
2025-01-22T07:00:00,1999.0
2025-01-22T08:00:00,1506.0
2025-01-22T09:00:00,1320.0
2025-01-22T10:00:00,1627.0
2025-01-22T11:00:00,1518.0
2025-01-22T12:00:00,1415.0
2025-01-22T13:00:00,1337.0
2025-01-22T14:00:00,1290.0
2025-01-22T15:00:00,1201.0
2025-01-22T16:00:00,1358.0
2025-01-22T17:00:00,1485.0
2025-01-22T18:00:00,1651.0
2025-01-22T19:00:00,1747.0
2025-01-22T20:00:00,1754.0
2025-01-22T21:00:00,1741.0
2025-01-22T22:00:00,1708.0
2025-01-22T23:00:00,1638.0
2025-01-23T00:00:00,1589.0
2025-01-23T01:00:00,1572.0
2025-01-23T02:00:00,1584.0
2025-01-23T03:00:00,1610.0
2025-01-23T04:00:00,1631.0
2025-01-23T05:00:00,1703.0
2025-01-23T06:00:00,1826.0
2025-01-23T07:00:00,1957.0
2025-01-23T08:00:00,2029.0
2025-01-23T09:00:00,1899.0
2025-01-23T10:00:00,1657.0
2025-01-23T11:00:00,1470.0
2025-01-23T12:00:00,1346.0
2025-01-23T13:00:00,1266.0
2025-01-23T14:00:00,1226.0
2025-01-23T15:00:00,1215.0
2025-01-23T16:00:00,1256.0
2025-01-23T17:00:00,1407.0
2025-01-23T18:00:00,1598.0
2025-01-23T19:00:00,1725.0
2025-01-23T20:00:00,1757.0
2025-01-23T21:00:00,1747.0
2025-01-23T22:00:00,1713.0
2025-01-23T23:00:00,1655.0
2025-01-24T00:00:00,1609.0
2025-01-24T01:00:00,1581.0
2025-01-24T02:00:00,1595.0
2025-01-24T03:00:00,1623.0
2025-01-24T04:00:00,1619.0
2025-01-24T05:00:00,1680.0
2025-01-24T06:00:00,1790.0
2025-01-24T07:00:00,1922.0
2025-01-24T08:00:00,1986.0
2025-01-24T09:00:00,1851.0
2025-01-24T10:00:00,1641.0
2025-01-24T11:00:00,1483.0
2025-01-24T12:00:00,1345.0
2025-01-24T13:00:00,1248.0
2025-01-24T14:00:00,1215.0
2025-01-24T15:00:00,1308.0
2025-01-24T16:00:00,1331.0
2025-01-24T17:00:00,1440.0
2025-01-24T18:00:00,1594.0
2025-01-24T19:00:00,1656.0
2025-01-24T20:00:00,1648.0
2025-01-24T21:00:00,1636.0
2025-01-24T22:00:00,1608.0
2025-01-24T23:00:00,1554.0
2025-01-25T00:00:00,1502.0
2025-01-25T01:00:00,1456.0
2025-01-25T02:00:00,1444.0
2025-01-25T03:00:00,1436.0
2025-01-25T04:00:00,1433.0
2025-01-25T05:00:00,1443.0
2025-01-25T06:00:00,1493.0
2025-01-25T07:00:00,1569.0
2025-01-25T08:00:00,1636.0
2025-01-25T09:00:00,1660.0
2025-01-25T10:00:00,1545.0
2025-01-25T11:00:00,1429.0
2025-01-25T12:00:00,1373.0
2025-01-25T13:00:00,1311.0
2025-01-25T14:00:00,1290.0
2025-01-25T15:00:00,1329.0
2025-01-25T16:00:00,1310.0
2025-01-25T17:00:00,1376.0
2025-01-25T18:00:00,1488.0
2025-01-25T19:00:00,1561.0
2025-01-25T20:00:00,1541.0
2025-01-25T21:00:00,1536.0
2025-01-25T22:00:00,1523.0
2025-01-25T23:00:00,1495.0
2025-01-26T00:00:00,1454.0
2025-01-26T01:00:00,1410.0
2025-01-26T02:00:00,1395.0
2025-01-26T03:00:00,1382.0
2025-01-26T04:00:00,1377.0
2025-01-26T05:00:00,1398.0
2025-01-26T06:00:00,1448.0
2025-01-26T07:00:00,1521.0
2025-01-26T08:00:00,1575.0
2025-01-26T09:00:00,1518.0
2025-01-26T10:00:00,1379.0
2025-01-26T11:00:00,1232.0
2025-01-26T12:00:00,1133.0
2025-01-26T13:00:00,1082.0
2025-01-26T14:00:00,1077.0
2025-01-26T15:00:00,1114.0
2025-01-26T16:00:00,1189.0
2025-01-26T17:00:00,1327.0
2025-01-26T18:00:00,1485.0
2025-01-26T19:00:00,1569.0
2025-01-26T20:00:00,1550.0
2025-01-26T21:00:00,1543.0
2025-01-26T22:00:00,1494.0
2025-01-26T23:00:00,1442.0
2025-01-27T00:00:00,1394.0
2025-01-27T01:00:00,1366.0
2025-01-27T02:00:00,1357.0
2025-01-27T03:00:00,1370.0
2025-01-27T04:00:00,1399.0
2025-01-27T05:00:00,1468.0
2025-01-27T06:00:00,1593.0
2025-01-27T07:00:00,1735.0
2025-01-27T08:00:00,1806.0
2025-01-27T09:00:00,1711.0
2025-01-27T10:00:00,1533.0
2025-01-27T11:00:00,1380.0
2025-01-27T12:00:00,1267.0
2025-01-27T13:00:00,1211.0
2025-01-27T14:00:00,1206.0
2025-01-27T15:00:00,1190.0
2025-01-27T16:00:00,1250.0
2025-01-27T17:00:00,1401.0
2025-01-27T18:00:00,1569.0
2025-01-27T19:00:00,1661.0
2025-01-27T20:00:00,1664.0
2025-01-27T21:00:00,1650.0
2025-01-27T22:00:00,1604.0
2025-01-27T23:00:00,1543.0
2025-01-28T00:00:00,1468.0
2025-01-28T01:00:00,1452.0
2025-01-28T02:00:00,1448.0
2025-01-28T03:00:00,1453.0
2025-01-28T04:00:00,1467.0
2025-01-28T05:00:00,1526.0
2025-01-28T06:00:00,1620.0
2025-01-28T07:00:00,1751.0
2025-01-28T08:00:00,1801.0
2025-01-28T09:00:00,1712.0
2025-01-28T10:00:00,1512.0
2025-01-28T11:00:00,1349.0
2025-01-28T12:00:00,1275.0
2025-01-28T13:00:00,1295.0
2025-01-28T14:00:00,1269.0
2025-01-28T15:00:00,1371.0
2025-01-28T16:00:00,1446.0
2025-01-28T17:00:00,1497.0
2025-01-28T18:00:00,1611.0
2025-01-28T19:00:00,1708.0
2025-01-28T20:00:00,1705.0
2025-01-28T21:00:00,1688.0
2025-01-28T22:00:00,1637.0
2025-01-28T23:00:00,1561.0
2025-01-29T00:00:00,1482.0
2025-01-29T01:00:00,1441.0
2025-01-29T02:00:00,1435.0
2025-01-29T03:00:00,1436.0
2025-01-29T04:00:00,1451.0
2025-01-29T05:00:00,1509.0
2025-01-29T06:00:00,1626.0
2025-01-29T07:00:00,1770.0
2025-01-29T08:00:00,1834.0
2025-01-29T09:00:00,1759.0
2025-01-29T10:00:00,1594.0
2025-01-29T11:00:00,1466.0
2025-01-29T12:00:00,1448.0
2025-01-29T13:00:00,1364.0
2025-01-29T14:00:00,1401.0
2025-01-29T15:00:00,1467.0
2025-01-29T16:00:00,1519.0
2025-01-29T17:00:00,1654.0
2025-01-29T18:00:00,1776.0
2025-01-29T19:00:00,1842.0
2025-01-29T20:00:00,1842.0
2025-01-29T21:00:00,1818.0
2025-01-29T22:00:00,1762.0
2025-01-29T23:00:00,1690.0
2025-01-30T00:00:00,1619.0
2025-01-30T01:00:00,1567.0
2025-01-30T02:00:00,1563.0
2025-01-30T03:00:00,1569.0
2025-01-30T04:00:00,1592.0
2025-01-30T05:00:00,1658.0
2025-01-30T06:00:00,1775.0
2025-01-30T07:00:00,1915.0
2025-01-30T08:00:00,1981.0
2025-01-30T09:00:00,1862.0
2025-01-30T10:00:00,1610.0
2025-01-30T11:00:00,1431.0
2025-01-30T12:00:00,1317.0
2025-01-30T13:00:00,1222.0
2025-01-30T14:00:00,1179.0
2025-01-30T15:00:00,1203.0
2025-01-30T16:00:00,1294.0
2025-01-30T17:00:00,1421.0
2025-01-30T18:00:00,1597.0
2025-01-30T19:00:00,1722.0
2025-01-30T20:00:00,1733.0
2025-01-30T21:00:00,1716.0
2025-01-30T22:00:00,1670.0
2025-01-30T23:00:00,1629.0
2025-01-31T00:00:00,1575.0
2025-01-31T01:00:00,1547.0
2025-01-31T02:00:00,1530.0
2025-01-31T03:00:00,1517.0
2025-01-31T04:00:00,1527.0
2025-01-31T05:00:00,1595.0
2025-01-31T06:00:00,1721.0
2025-01-31T07:00:00,1883.0
2025-01-31T08:00:00,1963.0
2025-01-31T09:00:00,1833.0
2025-01-31T10:00:00,1601.0
2025-01-31T11:00:00,1410.0
2025-01-31T12:00:00,1270.0
2025-01-31T13:00:00,1216.0
2025-01-31T14:00:00,1166.0
2025-01-31T15:00:00,1166.0
2025-01-31T16:00:00,1219.0
2025-01-31T17:00:00,1374.0
2025-01-31T18:00:00,1524.0
2025-01-31T19:00:00,1609.0
2025-01-31T20:00:00,1618.0
2025-01-31T21:00:00,1605.0
2025-01-31T22:00:00,1587.0
2025-01-31T23:00:00,1556.0
2025-02-01T00:00:00,1512.0
2025-02-01T01:00:00,1470.0
2025-02-01T02:00:00,1472.0
2025-02-01T03:00:00,1473.0
2025-02-01T04:00:00,1485.0
2025-02-01T05:00:00,1515.0
2025-02-01T06:00:00,1581.0
2025-02-01T07:00:00,1656.0
2025-02-01T08:00:00,1731.0
2025-02-01T09:00:00,1666.0
2025-02-01T10:00:00,1503.0
2025-02-01T11:00:00,1351.0
2025-02-01T12:00:00,1221.0
2025-02-01T13:00:00,1159.0
2025-02-01T14:00:00,1141.0
2025-02-01T15:00:00,1159.0
2025-02-01T16:00:00,1211.0
2025-02-01T17:00:00,1332.0
2025-02-01T18:00:00,1469.0
2025-02-01T19:00:00,1550.0
2025-02-01T20:00:00,1542.0
2025-02-01T21:00:00,1529.0
2025-02-01T22:00:00,1498.0
2025-02-01T23:00:00,1458.0
2025-02-02T00:00:00,1406.0
2025-02-02T01:00:00,1380.0
2025-02-02T02:00:00,1368.0
2025-02-02T03:00:00,1363.0
2025-02-02T04:00:00,1367.0
2025-02-02T05:00:00,1391.0
2025-02-02T06:00:00,1441.0
2025-02-02T07:00:00,1531.0
2025-02-02T08:00:00,1574.0
2025-02-02T09:00:00,1508.0
2025-02-02T10:00:00,1367.0
2025-02-02T11:00:00,1223.0
2025-02-02T12:00:00,1152.0
2025-02-02T13:00:00,1116.0
2025-02-02T14:00:00,1107.0
2025-02-02T15:00:00,1154.0
2025-02-02T16:00:00,1241.0
2025-02-02T17:00:00,1365.0
2025-02-02T18:00:00,1508.0
2025-02-02T19:00:00,1568.0
2025-02-02T20:00:00,1563.0
2025-02-02T21:00:00,1539.0
2025-02-02T22:00:00,1477.0
2025-02-02T23:00:00,1412.0
2025-02-03T00:00:00,1339.0
2025-02-03T01:00:00,1297.0
2025-02-03T02:00:00,1288.0
2025-02-03T03:00:00,1286.0
2025-02-03T04:00:00,1318.0
2025-02-03T05:00:00,1354.0
2025-02-03T06:00:00,1455.0
2025-02-03T07:00:00,1566.0
2025-02-03T08:00:00,1616.0
2025-02-03T09:00:00,1513.0
2025-02-03T10:00:00,1345.0
2025-02-03T11:00:00,1213.0
2025-02-03T12:00:00,1135.0
2025-02-03T13:00:00,1123.0
2025-02-03T14:00:00,1147.0
2025-02-03T15:00:00,1179.0
2025-02-03T16:00:00,1256.0
2025-02-03T17:00:00,1396.0
2025-02-03T18:00:00,1532.0
2025-02-03T19:00:00,1591.0
2025-02-03T20:00:00,1566.0
2025-02-03T21:00:00,1523.0
2025-02-03T22:00:00,1470.0
2025-02-03T23:00:00,1395.0
2025-02-04T00:00:00,1311.0
2025-02-04T01:00:00,1266.0
2025-02-04T02:00:00,1246.0
2025-02-04T03:00:00,1243.0
2025-02-04T04:00:00,1246.0
2025-02-04T05:00:00,1287.0
2025-02-04T06:00:00,1367.0
2025-02-04T07:00:00,1490.0
2025-02-04T08:00:00,1551.0
2025-02-04T09:00:00,1451.0
2025-02-04T10:00:00,1300.0
2025-02-04T11:00:00,1215.0
2025-02-04T12:00:00,1148.0
2025-02-04T13:00:00,1153.0
2025-02-04T14:00:00,1144.0
2025-02-04T15:00:00,1174.0
2025-02-04T16:00:00,1245.0
2025-02-04T17:00:00,1353.0
2025-02-04T18:00:00,1487.0
2025-02-04T19:00:00,1570.0
2025-02-04T20:00:00,1559.0
2025-02-04T21:00:00,1514.0
2025-02-04T22:00:00,1464.0
2025-02-04T23:00:00,1398.0
2025-02-05T00:00:00,1328.0
2025-02-05T01:00:00,1293.0
2025-02-05T02:00:00,1256.0
2025-02-05T03:00:00,1260.0
2025-02-05T04:00:00,1268.0
2025-02-05T05:00:00,1303.0
2025-02-05T06:00:00,1395.0
2025-02-05T07:00:00,1524.0
2025-02-05T08:00:00,1591.0
2025-02-05T09:00:00,1478.0
2025-02-05T10:00:00,1318.0
2025-02-05T11:00:00,1180.0
2025-02-05T12:00:00,1115.0
2025-02-05T13:00:00,1088.0
2025-02-05T14:00:00,1108.0
2025-02-05T15:00:00,1165.0
2025-02-05T16:00:00,1247.0
2025-02-05T17:00:00,1376.0
2025-02-05T18:00:00,1497.0
2025-02-05T19:00:00,1550.0
2025-02-05T20:00:00,1543.0
2025-02-05T21:00:00,1510.0
2025-02-05T22:00:00,1451.0
2025-02-05T23:00:00,1388.0
2025-02-06T00:00:00,1331.0
2025-02-06T01:00:00,1291.0
2025-02-06T02:00:00,1267.0
2025-02-06T03:00:00,1269.0
2025-02-06T04:00:00,1303.0
2025-02-06T05:00:00,1338.0
2025-02-06T06:00:00,1438.0
2025-02-06T07:00:00,1567.0
2025-02-06T08:00:00,1608.0
2025-02-06T09:00:00,1491.0
2025-02-06T10:00:00,1308.0
2025-02-06T11:00:00,1171.0
2025-02-06T12:00:00,1118.0
2025-02-06T13:00:00,1102.0
2025-02-06T14:00:00,1119.0
2025-02-06T15:00:00,1154.0
2025-02-06T16:00:00,1237.0
2025-02-06T17:00:00,1353.0
2025-02-06T18:00:00,1485.0
2025-02-06T19:00:00,1559.0
2025-02-06T20:00:00,1556.0
2025-02-06T21:00:00,1510.0
2025-02-06T22:00:00,1461.0
2025-02-06T23:00:00,1369.0
2025-02-07T00:00:00,1297.0
2025-02-07T01:00:00,1260.0
2025-02-07T02:00:00,1251.0
2025-02-07T03:00:00,1254.0
2025-02-07T04:00:00,1269.0
2025-02-07T05:00:00,1327.0
2025-02-07T06:00:00,1420.0
2025-02-07T07:00:00,1543.0
2025-02-07T08:00:00,1613.0
2025-02-07T09:00:00,1501.0
2025-02-07T10:00:00,1322.0
2025-02-07T11:00:00,1207.0
2025-02-07T12:00:00,1144.0
2025-02-07T13:00:00,1109.0
2025-02-07T14:00:00,1115.0
2025-02-07T15:00:00,1176.0
2025-02-07T16:00:00,1259.0
2025-02-07T17:00:00,1373.0
2025-02-07T18:00:00,1495.0
2025-02-07T19:00:00,1544.0
2025-02-07T20:00:00,1530.0
2025-02-07T21:00:00,1503.0
2025-02-07T22:00:00,1448.0
2025-02-07T23:00:00,1362.0
2025-02-08T00:00:00,1301.0
2025-02-08T01:00:00,1268.0
2025-02-08T02:00:00,1270.0
2025-02-08T03:00:00,1289.0
2025-02-08T04:00:00,1302.0
2025-02-08T05:00:00,1325.0
2025-02-08T06:00:00,1359.0
2025-02-08T07:00:00,1430.0
2025-02-08T08:00:00,1481.0
2025-02-08T09:00:00,1411.0
2025-02-08T10:00:00,1285.0
2025-02-08T11:00:00,1169.0
2025-02-08T12:00:00,1102.0
2025-02-08T13:00:00,1080.0
2025-02-08T14:00:00,1072.0
2025-02-08T15:00:00,1127.0
2025-02-08T16:00:00,1227.0
2025-02-08T17:00:00,1363.0
2025-02-08T18:00:00,1474.0
2025-02-08T19:00:00,1532.0
2025-02-08T20:00:00,1512.0
2025-02-08T21:00:00,1492.0
2025-02-08T22:00:00,1446.0
2025-02-08T23:00:00,1386.0
2025-02-09T00:00:00,1330.0
2025-02-09T01:00:00,1283.0
2025-02-09T02:00:00,1250.0
2025-02-09T03:00:00,1234.0
2025-02-09T04:00:00,1262.0
2025-02-09T05:00:00,1290.0
2025-02-09T06:00:00,1316.0
2025-02-09T07:00:00,1391.0
2025-02-09T08:00:00,1445.0
2025-02-09T09:00:00,1361.0
2025-02-09T10:00:00,1252.0
2025-02-09T11:00:00,1156.0
2025-02-09T12:00:00,1100.0
2025-02-09T13:00:00,1105.0
2025-02-09T14:00:00,1119.0
2025-02-09T15:00:00,1211.0
2025-02-09T16:00:00,1313.0
2025-02-09T17:00:00,1419.0
2025-02-09T18:00:00,1464.0
2025-02-09T19:00:00,1489.0
2025-02-09T20:00:00,1489.0
2025-02-09T21:00:00,1489.0
2025-02-09T22:00:00,1460.0
2025-02-09T23:00:00,1387.0
2025-02-10T00:00:00,1322.0
2025-02-10T01:00:00,1277.0
2025-02-10T02:00:00,1251.0
2025-02-10T03:00:00,1246.0
2025-02-10T04:00:00,1258.0
2025-02-10T05:00:00,1289.0
2025-02-10T06:00:00,1364.0
2025-02-10T07:00:00,1478.0
2025-02-10T08:00:00,1532.0
2025-02-10T09:00:00,1482.0
2025-02-10T10:00:00,1396.0
2025-02-10T11:00:00,1339.0
2025-02-10T12:00:00,1282.0
2025-02-10T13:00:00,1123.0
2025-02-10T14:00:00,1253.0
2025-02-10T15:00:00,1322.0
2025-02-10T16:00:00,1324.0
2025-02-10T17:00:00,1328.0
2025-02-10T18:00:00,1462.0
2025-02-10T19:00:00,1537.0
2025-02-10T20:00:00,1525.0
2025-02-10T21:00:00,1492.0
2025-02-10T22:00:00,1437.0
2025-02-10T23:00:00,1373.0
2025-02-11T00:00:00,1302.0
2025-02-11T01:00:00,1259.0
2025-02-11T02:00:00,1246.0
2025-02-11T03:00:00,1229.0
2025-02-11T04:00:00,1243.0
2025-02-11T05:00:00,1283.0
2025-02-11T06:00:00,1364.0
2025-02-11T07:00:00,1484.0
2025-02-11T08:00:00,1525.0
2025-02-11T09:00:00,1405.0
2025-02-11T10:00:00,1282.0
2025-02-11T11:00:00,1153.0
2025-02-11T12:00:00,1050.0
2025-02-11T13:00:00,1035.0
2025-02-11T14:00:00,1048.0
2025-02-11T15:00:00,1060.0
2025-02-11T16:00:00,1130.0
2025-02-11T17:00:00,1271.0
2025-02-11T18:00:00,1414.0
2025-02-11T19:00:00,1535.0
2025-02-11T20:00:00,1537.0
2025-02-11T21:00:00,1530.0
2025-02-11T22:00:00,1485.0
2025-02-11T23:00:00,1431.0
2025-02-12T00:00:00,1373.0
2025-02-12T01:00:00,1334.0
2025-02-12T02:00:00,1322.0
2025-02-12T03:00:00,1312.0
2025-02-12T04:00:00,1334.0
2025-02-12T05:00:00,1369.0
2025-02-12T06:00:00,1452.0
2025-02-12T07:00:00,1568.0
2025-02-12T08:00:00,1609.0
2025-02-12T09:00:00,1534.0
2025-02-12T10:00:00,1437.0
2025-02-12T11:00:00,1229.0
2025-02-12T12:00:00,1125.0
2025-02-12T13:00:00,1153.0
2025-02-12T14:00:00,1126.0
2025-02-12T15:00:00,1135.0
2025-02-12T16:00:00,1188.0
2025-02-12T17:00:00,1279.0
2025-02-12T18:00:00,1432.0
2025-02-12T19:00:00,1544.0
2025-02-12T20:00:00,1565.0
2025-02-12T21:00:00,1571.0
2025-02-12T22:00:00,1522.0
2025-02-12T23:00:00,1453.0
2025-02-13T00:00:00,1384.0
2025-02-13T01:00:00,1338.0
2025-02-13T02:00:00,1318.0
2025-02-13T03:00:00,1321.0
2025-02-13T04:00:00,1330.0
2025-02-13T05:00:00,1374.0
2025-02-13T06:00:00,1477.0
2025-02-13T07:00:00,1582.0
2025-02-13T08:00:00,1611.0
2025-02-13T09:00:00,1482.0
2025-02-13T10:00:00,1317.0
2025-02-13T11:00:00,1217.0
2025-02-13T12:00:00,1169.0
2025-02-13T13:00:00,1176.0
2025-02-13T14:00:00,1187.0
2025-02-13T15:00:00,1239.0
2025-02-13T16:00:00,1375.0
2025-02-13T17:00:00,1435.0
2025-02-13T18:00:00,1506.0
2025-02-13T19:00:00,1548.0
2025-02-13T20:00:00,1538.0
2025-02-13T21:00:00,1517.0
2025-02-13T22:00:00,1472.0
2025-02-13T23:00:00,1407.0
2025-02-14T00:00:00,1338.0
2025-02-14T01:00:00,1283.0
2025-02-14T02:00:00,1257.0
2025-02-14T03:00:00,1262.0
2025-02-14T04:00:00,1240.0
2025-02-14T05:00:00,1282.0
2025-02-14T06:00:00,1353.0
2025-02-14T07:00:00,1451.0
2025-02-14T08:00:00,1508.0
2025-02-14T09:00:00,1514.0
2025-02-14T10:00:00,1435.0
2025-02-14T11:00:00,1291.0
2025-02-14T12:00:00,1232.0
2025-02-14T13:00:00,1254.0
2025-02-14T14:00:00,1194.0
2025-02-14T15:00:00,1182.0
2025-02-14T16:00:00,1258.0
2025-02-14T17:00:00,1366.0
2025-02-14T18:00:00,1497.0
2025-02-14T19:00:00,1556.0
2025-02-14T20:00:00,1545.0
2025-02-14T21:00:00,1518.0
2025-02-14T22:00:00,1479.0
2025-02-14T23:00:00,1443.0
2025-02-15T00:00:00,1376.0
2025-02-15T01:00:00,1318.0
2025-02-15T02:00:00,1319.0
2025-02-15T03:00:00,1302.0
2025-02-15T04:00:00,1305.0
2025-02-15T05:00:00,1329.0
2025-02-15T06:00:00,1389.0
2025-02-15T07:00:00,1459.0
2025-02-15T08:00:00,1506.0
2025-02-15T09:00:00,1435.0
2025-02-15T10:00:00,1290.0
2025-02-15T11:00:00,1163.0
2025-02-15T12:00:00,1084.0
2025-02-15T13:00:00,1047.0
2025-02-15T14:00:00,1043.0
2025-02-15T15:00:00,1054.0
2025-02-15T16:00:00,1142.0
2025-02-15T17:00:00,1266.0
2025-02-15T18:00:00,1411.0
2025-02-15T19:00:00,1503.0
2025-02-15T20:00:00,1507.0
2025-02-15T21:00:00,1492.0
2025-02-15T22:00:00,1478.0
2025-02-15T23:00:00,1438.0
2025-02-16T00:00:00,1387.0
2025-02-16T01:00:00,1361.0
2025-02-16T02:00:00,1344.0
2025-02-16T03:00:00,1340.0
2025-02-16T04:00:00,1341.0
2025-02-16T05:00:00,1366.0
2025-02-16T06:00:00,1431.0
2025-02-16T07:00:00,1490.0
2025-02-16T08:00:00,1531.0
2025-02-16T09:00:00,1448.0
2025-02-16T10:00:00,1303.0
2025-02-16T11:00:00,1172.0
2025-02-16T12:00:00,1088.0
2025-02-16T13:00:00,1086.0
2025-02-16T14:00:00,1084.0
2025-02-16T15:00:00,1117.0
2025-02-16T16:00:00,1192.0
2025-02-16T17:00:00,1350.0
2025-02-16T18:00:00,1433.0
2025-02-16T19:00:00,1525.0
2025-02-16T20:00:00,1525.0
2025-02-16T21:00:00,1510.0
2025-02-16T22:00:00,1445.0
2025-02-16T23:00:00,1375.0
2025-02-17T00:00:00,1312.0
2025-02-17T01:00:00,1285.0
2025-02-17T02:00:00,1279.0
2025-02-17T03:00:00,1278.0
2025-02-17T04:00:00,1291.0
2025-02-17T05:00:00,1340.0
2025-02-17T06:00:00,1414.0
2025-02-17T07:00:00,1525.0
2025-02-17T08:00:00,1550.0
2025-02-17T09:00:00,1452.0
2025-02-17T10:00:00,1262.0
2025-02-17T11:00:00,1116.0
2025-02-17T12:00:00,1030.0
2025-02-17T13:00:00,1036.0
2025-02-17T14:00:00,1071.0
2025-02-17T15:00:00,1159.0
2025-02-17T16:00:00,1269.0
2025-02-17T17:00:00,1364.9
2025-02-17T18:00:00,1440.38
2025-02-17T19:00:00,1517.2
2025-02-17T20:00:00,1508.65
2025-02-17T21:00:00,1490.16
2025-02-17T22:00:00,1420.97
2025-02-17T23:00:00,1349.9
2025-02-18T00:00:00,1267.9
2025-02-18T01:00:00,1242.84
2025-02-18T02:00:00,1221.9
2025-02-18T03:00:00,1219.9
2025-02-18T04:00:00,1249.88
2025-02-18T05:00:00,1287.86
2025-02-18T06:00:00,1374.89
2025-02-18T07:00:00,1481.9
2025-02-18T08:00:00,1510.86
2025-02-18T09:00:00,1355.44
2025-02-18T10:00:00,1182.64
2025-02-18T11:00:00,1063.27
2025-02-18T12:00:00,991.75
2025-02-18T13:00:00,977.84
2025-02-18T14:00:00,954.9
2025-02-18T15:00:00,1006.83
2025-02-18T16:00:00,1066.9
2025-02-18T17:00:00,1214.2
2025-02-18T18:00:00,1375.27
2025-02-18T19:00:00,1485.03
2025-02-18T20:00:00,1497.22
2025-02-18T21:00:00,1460.27
2025-02-18T22:00:00,1402.87
2025-02-18T23:00:00,1319.9
2025-02-19T00:00:00,1262.88
2025-02-19T01:00:00,1254.84
2025-02-19T02:00:00,1248.9
2025-02-19T03:00:00,1262.9
2025-02-19T04:00:00,1284.84
2025-02-19T05:00:00,1343.9
2025-02-19T06:00:00,1449.9
2025-02-19T07:00:00,1571.85
2025-02-19T08:00:00,1591.84
2025-02-19T09:00:00,1442.51
2025-02-19T10:00:00,1290.62
2025-02-19T11:00:00,1140.18
2025-02-19T12:00:00,1063.5
2025-02-19T13:00:00,1047.87
2025-02-19T14:00:00,1057.0
2025-02-19T15:00:00,1097.97
2025-02-19T16:00:00,1168.84
2025-02-19T17:00:00,1314.9
2025-02-19T18:00:00,1453.34
2025-02-19T19:00:00,1521.21
2025-02-19T20:00:00,1530.95
2025-02-19T21:00:00,1506.7
2025-02-19T22:00:00,1455.92
2025-02-19T23:00:00,1402.9
2025-02-20T00:00:00,1331.9
2025-02-20T01:00:00,1281.86
2025-02-20T02:00:00,1265.87
2025-02-20T03:00:00,1254.9
2025-02-20T04:00:00,1243.9
2025-02-20T05:00:00,1306.84
2025-02-20T06:00:00,1405.9
2025-02-20T07:00:00,1496.9
2025-02-20T08:00:00,1539.87
2025-02-20T09:00:00,1434.45
2025-02-20T10:00:00,1259.63
2025-02-20T11:00:00,1155.16
2025-02-20T12:00:00,1088.09
2025-02-20T13:00:00,1044.37
2025-02-20T14:00:00,1067.9
2025-02-20T15:00:00,1084.83
2025-02-20T16:00:00,1164.88
2025-02-20T17:00:00,1295.9
2025-02-20T18:00:00,1450.3
2025-02-20T19:00:00,1531.19
2025-02-20T20:00:00,1524.73
2025-02-20T21:00:00,1498.34
2025-02-20T22:00:00,1451.91
2025-02-20T23:00:00,1397.9
2025-02-21T00:00:00,1318.9
2025-02-21T01:00:00,1290.84
2025-02-21T02:00:00,1282.9
2025-02-21T03:00:00,1284.9
2025-02-21T04:00:00,1306.86
2025-02-21T05:00:00,1354.88
2025-02-21T06:00:00,1436.87
2025-02-21T07:00:00,1527.89
2025-02-21T08:00:00,1569.82
2025-02-21T09:00:00,1462.83
2025-02-21T10:00:00,1316.82
2025-02-21T11:00:00,1192.85
2025-02-21T12:00:00,1120.81
2025-02-21T13:00:00,1086.13
2025-02-21T14:00:00,1076.02
2025-02-21T15:00:00,1099.93
2025-02-21T16:00:00,1167.52
2025-02-21T17:00:00,1266.47
2025-02-21T18:00:00,1402.6
2025-02-21T19:00:00,1513.93
2025-02-21T20:00:00,1527.74
2025-02-21T21:00:00,1495.94
2025-02-21T22:00:00,1464.9
2025-02-21T23:00:00,1413.87
2025-02-22T00:00:00,1357.86
2025-02-22T01:00:00,1314.9
2025-02-22T02:00:00,1294.87
2025-02-22T03:00:00,1297.84
2025-02-22T04:00:00,1296.9
2025-02-22T05:00:00,1326.9
2025-02-22T06:00:00,1379.84
2025-02-22T07:00:00,1469.9
2025-02-22T08:00:00,1508.6
2025-02-22T09:00:00,1398.96
2025-02-22T10:00:00,1241.03
2025-02-22T11:00:00,1132.95
2025-02-22T12:00:00,1074.63
2025-02-22T13:00:00,1023.03
2025-02-22T14:00:00,1025.44
2025-02-22T15:00:00,1051.49
2025-02-22T16:00:00,1117.9
2025-02-22T17:00:00,1267.84
2025-02-22T18:00:00,1410.37
2025-02-22T19:00:00,1485.19
2025-02-22T20:00:00,1488.95
2025-02-22T21:00:00,1475.76
2025-02-22T22:00:00,1439.02
2025-02-22T23:00:00,1400.85
2025-02-23T00:00:00,1338.89
2025-02-23T01:00:00,1309.9
2025-02-23T02:00:00,1306.9
2025-02-23T03:00:00,1303.84
2025-02-23T04:00:00,1306.9
2025-02-23T05:00:00,1343.9
2025-02-23T06:00:00,1397.84
2025-02-23T07:00:00,1467.9
2025-02-23T08:00:00,1483.85
2025-02-23T09:00:00,1356.51
2025-02-23T10:00:00,1225.69
2025-02-23T11:00:00,1104.82
2025-02-23T12:00:00,1051.35
2025-02-23T13:00:00,1023.88
2025-02-23T14:00:00,1030.49
2025-02-23T15:00:00,1059.04
2025-02-23T16:00:00,1151.45
2025-02-23T17:00:00,1296.81
2025-02-23T18:00:00,1440.35
2025-02-23T19:00:00,1549.72
2025-02-23T20:00:00,1550.59
2025-02-23T21:00:00,1512.6
2025-02-23T22:00:00,1464.95
2025-02-23T23:00:00,1388.9
2025-02-24T00:00:00,1320.84
2025-02-24T01:00:00,1291.9
2025-02-24T02:00:00,1269.9
2025-02-24T03:00:00,1275.84
2025-02-24T04:00:00,1278.89
2025-02-24T05:00:00,1330.9
2025-02-24T06:00:00,1409.9
2025-02-24T07:00:00,1562.84
2025-02-24T08:00:00,1590.84
2025-02-24T09:00:00,1434.52
2025-02-24T10:00:00,1278.65
2025-02-24T11:00:00,1168.14
2025-02-24T12:00:00,1123.74
2025-02-24T13:00:00,1084.77
2025-02-24T14:00:00,1069.9
2025-02-24T15:00:00,1146.83
2025-02-24T16:00:00,1220.9
2025-02-24T17:00:00,1360.9
2025-02-24T18:00:00,1522.32
2025-02-24T19:00:00,1590.2
2025-02-24T20:00:00,1570.95
2025-02-24T21:00:00,1517.78
2025-02-24T22:00:00,1469.98
2025-02-24T23:00:00,1394.9
2025-02-25T00:00:00,1321.9
2025-02-25T01:00:00,1278.83
2025-02-25T02:00:00,1255.9
2025-02-25T03:00:00,1240.9
2025-02-25T04:00:00,1235.84
2025-02-25T05:00:00,1278.89
2025-02-25T06:00:00,1360.9
2025-02-25T07:00:00,1460.9
2025-02-25T08:00:00,1464.84
2025-02-25T09:00:00,1317.37
2025-02-25T10:00:00,1190.68
2025-02-25T11:00:00,1084.13
2025-02-25T12:00:00,1059.93
2025-02-25T13:00:00,1044.81
2025-02-25T14:00:00,1055.9
2025-02-25T15:00:00,1107.83
2025-02-25T16:00:00,1181.9
2025-02-25T17:00:00,1328.86
2025-02-25T18:00:00,1500.32
2025-02-25T19:00:00,1562.2
2025-02-25T20:00:00,1548.95
2025-02-25T21:00:00,1485.17
2025-02-25T22:00:00,1416.95
2025-02-25T23:00:00,1343.9
2025-02-26T00:00:00,1280.86
2025-02-26T01:00:00,1245.88
2025-02-26T02:00:00,1229.9
2025-02-26T03:00:00,1221.9
2025-02-26T04:00:00,1214.84
2025-02-26T05:00:00,1261.9
2025-02-26T06:00:00,1324.9
2025-02-26T07:00:00,1445.88
2025-02-26T08:00:00,1445.82
2025-02-26T09:00:00,1305.44
2025-02-26T10:00:00,1182.71
2025-02-26T11:00:00,1068.24
2025-02-26T12:00:00,1075.69
2025-02-26T13:00:00,1068.24
2025-02-26T14:00:00,1097.44
2025-02-26T15:00:00,1148.9
2025-02-26T16:00:00,1231.9
2025-02-26T17:00:00,1360.84
2025-02-26T18:00:00,1502.33
2025-02-26T19:00:00,1580.2
2025-02-26T20:00:00,1577.95
2025-02-26T21:00:00,1534.84
2025-02-26T22:00:00,1475.03
2025-02-26T23:00:00,1386.9
2025-02-27T00:00:00,1324.85
2025-02-27T01:00:00,1262.89
2025-02-27T02:00:00,1230.9
2025-02-27T03:00:00,1216.9
2025-02-27T04:00:00,1237.84
2025-02-27T05:00:00,1265.9
2025-02-27T06:00:00,1358.9
2025-02-27T07:00:00,1458.9
2025-02-27T08:00:00,1447.84
2025-02-27T09:00:00,1308.68
2025-02-27T10:00:00,1184.63
2025-02-27T11:00:00,1105.25
2025-02-27T12:00:00,1055.74
2025-02-27T13:00:00,1041.43
2025-02-27T14:00:00,1054.83
2025-02-27T15:00:00,1112.9
2025-02-27T16:00:00,1189.9
2025-02-27T17:00:00,1328.9
2025-02-27T18:00:00,1476.3
2025-02-27T19:00:00,1542.18
2025-02-27T20:00:00,1572.95
2025-02-27T21:00:00,1541.8
2025-02-27T22:00:00,1480.99
2025-02-27T23:00:00,1404.88
2025-02-28T00:00:00,1335.9
2025-02-28T01:00:00,1284.9
2025-02-28T02:00:00,1277.84
2025-02-28T03:00:00,1294.9
2025-02-28T04:00:00,1311.9
2025-02-28T05:00:00,1347.86
2025-02-28T06:00:00,1431.87
2025-02-28T07:00:00,1549.9
2025-02-28T08:00:00,1558.84
2025-02-28T09:00:00,1424.64
2025-02-28T10:00:00,1273.01
2025-02-28T11:00:00,1164.15
2025-02-28T12:00:00,1146.4
2025-02-28T13:00:00,1121.53
2025-02-28T14:00:00,1135.9
2025-02-28T15:00:00,1160.83
2025-02-28T16:00:00,1266.9
2025-02-28T17:00:00,1411.34
2025-02-28T18:00:00,1494.32
2025-02-28T19:00:00,1533.0
2025-02-28T20:00:00,1518.62
2025-02-28T21:00:00,1494.0
2025-02-28T22:00:00,1451.83
2025-02-28T23:00:00,1400.9
2025-03-01T00:00:00,1348.9
2025-03-01T01:00:00,1310.9
2025-03-01T02:00:00,1289.84
2025-03-01T03:00:00,1276.9
2025-03-01T04:00:00,1273.9
2025-03-01T05:00:00,1290.88
2025-03-01T06:00:00,1325.84
2025-03-01T07:00:00,1405.9
2025-03-01T08:00:00,1407.85
2025-03-01T09:00:00,1299.42
2025-03-01T10:00:00,1195.66
2025-03-01T11:00:00,1109.22
2025-03-01T12:00:00,1076.1
2025-03-01T13:00:00,1059.31
2025-03-01T14:00:00,1070.83
2025-03-01T15:00:00,1118.9
2025-03-01T16:00:00,1179.99
2025-03-01T17:00:00,1290.0
2025-03-01T18:00:00,1400.97
2025-03-01T19:00:00,1492.98
2025-03-01T20:00:00,1507.96
2025-03-01T21:00:00,1481.0
2025-03-01T22:00:00,1437.0
2025-03-01T23:00:00,1386.94
2025-03-02T00:00:00,1327.0
2025-03-02T01:00:00,1286.03
2025-03-02T02:00:00,1272.92
2025-03-02T03:00:00,1249.0
2025-03-02T04:00:00,1252.0
2025-03-02T05:00:00,1265.96
2025-03-02T06:00:00,1314.97
2025-03-02T07:00:00,1368.0
2025-03-02T08:00:00,1368.94
2025-03-02T09:00:00,1278.95
2025-03-02T10:00:00,1153.0
2025-03-02T11:00:00,1064.98
2025-03-02T12:00:00,1022.87
2025-03-02T13:00:00,1009.0
2025-03-02T14:00:00,1029.92
2025-03-02T15:00:00,1077.9
2025-03-02T16:00:00,1165.44
2025-03-02T17:00:00,1294.9
2025-03-02T18:00:00,1461.73
2025-03-02T19:00:00,1535.42
2025-03-02T20:00:00,1562.53
2025-03-02T21:00:00,1520.21
2025-03-02T22:00:00,1475.84
2025-03-02T23:00:00,1390.9
2025-03-03T00:00:00,1313.9
2025-03-03T01:00:00,1240.84
2025-03-03T02:00:00,1204.9
2025-03-03T03:00:00,1186.9
2025-03-03T04:00:00,1163.9
2025-03-03T05:00:00,1195.84
2025-03-03T06:00:00,1275.9
2025-03-03T07:00:00,1376.9
2025-03-03T08:00:00,1380.83
2025-03-03T09:00:00,1253.92
2025-03-03T10:00:00,1137.42
2025-03-03T11:00:00,1062.5
2025-03-03T12:00:00,1005.3
2025-03-03T13:00:00,996.9
2025-03-03T14:00:00,1059.9
2025-03-03T15:00:00,1106.83
2025-03-03T16:00:00,1200.9
2025-03-03T17:00:00,1311.9
2025-03-03T18:00:00,1385.35
2025-03-03T19:00:00,1482.2
2025-03-03T20:00:00,1518.98
2025-03-03T21:00:00,1494.79
2025-03-03T22:00:00,1443.85
2025-03-03T23:00:00,1357.9
2025-03-04T00:00:00,1295.9
2025-03-04T01:00:00,1247.89
2025-03-04T02:00:00,1220.85
2025-03-04T03:00:00,1222.9
2025-03-04T04:00:00,1246.9
2025-03-04T05:00:00,1279.86
2025-03-04T06:00:00,1376.87
2025-03-04T07:00:00,1496.9
2025-03-04T08:00:00,1488.84
2025-03-04T09:00:00,1321.82
2025-03-04T10:00:00,1148.88
2025-03-04T11:00:00,1005.93
2025-03-04T12:00:00,934.38
2025-03-04T13:00:00,889.72
2025-03-04T14:00:00,886.26
2025-03-04T15:00:00,906.8
2025-03-04T16:00:00,976.81
2025-03-04T17:00:00,1117.9
2025-03-04T18:00:00,1292.19
2025-03-04T19:00:00,1409.41
2025-03-04T20:00:00,1425.49
2025-03-04T21:00:00,1402.51
2025-03-04T22:00:00,1372.97
2025-03-04T23:00:00,1311.9
2025-03-05T00:00:00,1255.83
2025-03-05T01:00:00,1217.9
2025-03-05T02:00:00,1212.9
2025-03-05T03:00:00,1200.9
2025-03-05T04:00:00,1221.82
2025-03-05T05:00:00,1293.9
2025-03-05T06:00:00,1384.9
2025-03-05T07:00:00,1516.9
2025-03-05T08:00:00,1495.83
2025-03-05T09:00:00,1324.85
2025-03-05T10:00:00,1189.6
2025-03-05T11:00:00,1112.67
2025-03-05T12:00:00,1101.11
2025-03-05T13:00:00,1023.53
2025-03-05T14:00:00,1007.89
2025-03-05T15:00:00,1079.8
2025-03-05T16:00:00,1223.88
2025-03-05T17:00:00,1309.9
2025-03-05T18:00:00,1383.15
2025-03-05T19:00:00,1445.41
2025-03-05T20:00:00,1449.48
2025-03-05T21:00:00,1407.78
2025-03-05T22:00:00,1347.93
2025-03-05T23:00:00,1271.9
2025-03-06T00:00:00,1197.89
2025-03-06T01:00:00,1152.84
2025-03-06T02:00:00,1131.9
2025-03-06T03:00:00,1115.9
2025-03-06T04:00:00,1122.9
2025-03-06T05:00:00,1155.82
2025-03-06T06:00:00,1225.89
2025-03-06T07:00:00,1307.9
2025-03-06T08:00:00,1346.88
2025-03-06T09:00:00,1320.82
2025-03-06T10:00:00,1291.91
2025-03-06T11:00:00,1246.9
2025-03-06T12:00:00,1094.75
2025-03-06T13:00:00,1028.69
2025-03-06T14:00:00,1010.62
2025-03-06T15:00:00,1022.15
2025-03-06T16:00:00,1113.2
2025-03-06T17:00:00,1203.33
2025-03-06T18:00:00,1332.81
2025-03-06T19:00:00,1426.18
2025-03-06T20:00:00,1437.21
2025-03-06T21:00:00,1417.26
2025-03-06T22:00:00,1369.36
2025-03-06T23:00:00,1300.84
2025-03-07T00:00:00,1236.9
2025-03-07T01:00:00,1188.9
2025-03-07T02:00:00,1170.9
2025-03-07T03:00:00,1166.84
2025-03-07T04:00:00,1180.88
2025-03-07T05:00:00,1215.9
2025-03-07T06:00:00,1295.9
2025-03-07T07:00:00,1391.9
2025-03-07T08:00:00,1438.88
2025-03-07T09:00:00,1410.34
2025-03-07T10:00:00,1439.75
2025-03-07T11:00:00,1466.17
2025-03-07T12:00:00,1382.32
2025-03-07T13:00:00,1275.79
2025-03-07T14:00:00,1166.87
2025-03-07T15:00:00,1271.9
2025-03-07T16:00:00,1387.9
2025-03-07T17:00:00,1381.9
2025-03-07T18:00:00,1465.66
2025-03-07T19:00:00,1549.68
2025-03-07T20:00:00,1560.13
2025-03-07T21:00:00,1531.9
2025-03-07T22:00:00,1499.84
2025-03-07T23:00:00,1447.9
2025-03-08T00:00:00,1373.9
2025-03-08T01:00:00,1345.88
2025-03-08T02:00:00,1315.84
2025-03-08T03:00:00,1299.9
2025-03-08T04:00:00,1299.9
2025-03-08T05:00:00,1310.9
2025-03-08T06:00:00,1354.83
2025-03-08T07:00:00,1418.9
2025-03-08T08:00:00,1411.84
2025-03-08T09:00:00,1105.36
2025-03-08T10:00:00,944.67
2025-03-08T11:00:00,835.37
2025-03-08T12:00:00,793.09
2025-03-08T13:00:00,762.51
2025-03-08T14:00:00,770.83
2025-03-08T15:00:00,816.89
2025-03-08T16:00:00,913.9
2025-03-08T17:00:00,1086.9
2025-03-08T18:00:00,1274.29
2025-03-08T19:00:00,1385.18
2025-03-08T20:00:00,1429.95
2025-03-08T21:00:00,1423.75
2025-03-08T22:00:00,1393.96
2025-03-08T23:00:00,1351.9
2025-03-09T00:00:00,1316.9
2025-03-09T01:00:00,1281.83
2025-03-09T02:00:00,1271.9
2025-03-09T03:00:00,1264.9
2025-03-09T04:00:00,1280.89
2025-03-09T05:00:00,1310.84
2025-03-09T06:00:00,1360.9
2025-03-09T07:00:00,1426.9
2025-03-09T08:00:00,1417.34
2025-03-09T09:00:00,1272.7
2025-03-09T10:00:00,1117.21
2025-03-09T11:00:00,1001.24
2025-03-09T12:00:00,924.81
2025-03-09T13:00:00,892.9
2025-03-09T14:00:00,890.9
2025-03-09T15:00:00,923.83
2025-03-09T16:00:00,1018.9
2025-03-09T17:00:00,1153.34
2025-03-09T18:00:00,1313.21
2025-03-09T19:00:00,1425.52
2025-03-09T20:00:00,1448.6
2025-03-09T21:00:00,1426.88
2025-03-09T22:00:00,1379.9
2025-03-09T23:00:00,1313.9
2025-03-10T00:00:00,1245.83
2025-03-10T01:00:00,1212.9
2025-03-10T02:00:00,1199.9
2025-03-10T03:00:00,1204.9
2025-03-10T04:00:00,1222.84
2025-03-10T05:00:00,1265.9
2025-03-10T06:00:00,1354.9
2025-03-10T07:00:00,1462.9
2025-03-10T08:00:00,1419.36
2025-03-10T09:00:00,1252.61
2025-03-10T10:00:00,1111.23
2025-03-10T11:00:00,1011.62
2025-03-10T12:00:00,959.88
2025-03-10T13:00:00,940.9
2025-03-10T14:00:00,931.86
2025-03-10T15:00:00,998.88
2025-03-10T16:00:00,1095.9
2025-03-10T17:00:00,1241.33
2025-03-10T18:00:00,1391.3
2025-03-10T19:00:00,1487.95
2025-03-10T20:00:00,1513.33
2025-03-10T21:00:00,1471.02
2025-03-10T22:00:00,1401.9
2025-03-10T23:00:00,1338.9
2025-03-11T00:00:00,1274.87
2025-03-11T01:00:00,1223.86
2025-03-11T02:00:00,1198.9
2025-03-11T03:00:00,1208.9
2025-03-11T04:00:00,1212.84
2025-03-11T05:00:00,1261.9
2025-03-11T06:00:00,1335.91
2025-03-11T07:00:00,1432.84
2025-03-11T08:00:00,1402.34
2025-03-11T09:00:00,1256.71
2025-03-11T10:00:00,1136.2
2025-03-11T11:00:00,1051.39
2025-03-11T12:00:00,1013.79
2025-03-11T13:00:00,1010.9
2025-03-11T14:00:00,1018.9
2025-03-11T15:00:00,1061.83
2025-03-11T16:00:00,1159.9
2025-03-11T17:00:00,1267.33
2025-03-11T18:00:00,1414.19
2025-03-11T19:00:00,1500.95
2025-03-11T20:00:00,1517.51
2025-03-11T21:00:00,1487.08
2025-03-11T22:00:00,1426.84
2025-03-11T23:00:00,1357.9
2025-03-12T00:00:00,1290.9
2025-03-12T01:00:00,1236.86
2025-03-12T02:00:00,1195.88
2025-03-12T03:00:00,1209.9
2025-03-12T04:00:00,1220.9
2025-03-12T05:00:00,1273.84
2025-03-12T06:00:00,1347.9
2025-03-12T07:00:00,1425.9
2025-03-12T08:00:00,1399.39
2025-03-12T09:00:00,1339.21
2025-03-12T10:00:00,1187.4
2025-03-12T11:00:00,1100.07
2025-03-12T12:00:00,1079.31
2025-03-12T13:00:00,1056.84
2025-03-12T14:00:00,1068.9
2025-03-12T15:00:00,1108.9
2025-03-12T16:00:00,1196.9
2025-03-12T17:00:00,1285.25
2025-03-12T18:00:00,1417.29
2025-03-12T19:00:00,1496.94
2025-03-12T20:00:00,1519.17
2025-03-12T21:00:00,1488.98
2025-03-12T22:00:00,1442.9
2025-03-12T23:00:00,1373.9
2025-03-13T00:00:00,1308.85
2025-03-13T01:00:00,1261.87
2025-03-13T02:00:00,1232.9
2025-03-13T03:00:00,1227.9
2025-03-13T04:00:00,1231.83
2025-03-13T05:00:00,1264.89
2025-03-13T06:00:00,1340.9
2025-03-13T07:00:00,1427.9
2025-03-13T08:00:00,1420.4
2025-03-13T09:00:00,1302.68
2025-03-13T10:00:00,1205.32
2025-03-13T11:00:00,1140.6
2025-03-13T12:00:00,1115.63
2025-03-13T13:00:00,1107.88
2025-03-13T14:00:00,1109.9
2025-03-13T15:00:00,1161.9
2025-03-13T16:00:00,1237.9
2025-03-13T17:00:00,1340.07
2025-03-13T18:00:00,1475.32
2025-03-13T19:00:00,1539.97
2025-03-13T20:00:00,1541.47
2025-03-13T21:00:00,1552.08
2025-03-13T22:00:00,1438.9
2025-03-13T23:00:00,1389.9
2025-03-14T00:00:00,1352.9
2025-03-14T01:00:00,1320.83
2025-03-14T02:00:00,1315.9
2025-03-14T03:00:00,1315.9
2025-03-14T04:00:00,1330.9
2025-03-14T05:00:00,1384.83
2025-03-14T06:00:00,1471.9
2025-03-14T07:00:00,1569.9
2025-03-14T08:00:00,1605.84
2025-03-14T09:00:00,1591.0
2025-03-14T10:00:00,1564.14
2025-03-14T11:00:00,1465.8
2025-03-14T12:00:00,1301.16
2025-03-14T13:00:00,1229.84
2025-03-14T14:00:00,1339.9
2025-03-14T15:00:00,1379.9
2025-03-14T16:00:00,1352.9
2025-03-14T17:00:00,1491.88
2025-03-14T18:00:00,1575.09
2025-03-14T19:00:00,1658.24
2025-03-14T20:00:00,1658.71
2025-03-14T21:00:00,1619.93
2025-03-14T22:00:00,1580.1
2025-03-14T23:00:00,1524.87
2025-03-15T00:00:00,1451.86
2025-03-15T01:00:00,1398.88
2025-03-15T02:00:00,1369.9
2025-03-15T03:00:00,1351.9
2025-03-15T04:00:00,1350.83
2025-03-15T05:00:00,1380.9
2025-03-15T06:00:00,1437.9
2025-03-15T07:00:00,1486.9
2025-03-15T08:00:00,1514.86
2025-03-15T09:00:00,1459.7
2025-03-15T10:00:00,1375.45
2025-03-15T11:00:00,1249.13
2025-03-15T12:00:00,1143.25
2025-03-15T13:00:00,1088.9
2025-03-15T14:00:00,1057.9
2025-03-15T15:00:00,1035.84
2025-03-15T16:00:00,1081.9
2025-03-15T17:00:00,1212.9
2025-03-15T18:00:00,1369.13
2025-03-15T19:00:00,1494.55
2025-03-15T20:00:00,1542.87
2025-03-15T21:00:00,1528.56
2025-03-15T22:00:00,1478.88
2025-03-15T23:00:00,1441.9
2025-03-16T00:00:00,1386.89
2025-03-16T01:00:00,1348.85
2025-03-16T02:00:00,1336.9
2025-03-16T03:00:00,1339.9
2025-03-16T04:00:00,1342.83
2025-03-16T05:00:00,1365.9
2025-03-16T06:00:00,1419.9
2025-03-16T07:00:00,1484.89
2025-03-16T08:00:00,1436.41
2025-03-16T09:00:00,1263.67
2025-03-16T10:00:00,1131.19
2025-03-16T11:00:00,1019.01
2025-03-16T12:00:00,967.82
2025-03-16T13:00:00,942.9
2025-03-16T14:00:00,944.9
2025-03-16T15:00:00,999.9
2025-03-16T16:00:00,1125.83
2025-03-16T17:00:00,1298.9
2025-03-16T18:00:00,1394.58
2025-03-16T19:00:00,1500.3
2025-03-16T20:00:00,1531.09
2025-03-16T21:00:00,1506.36
2025-03-16T22:00:00,1457.9
2025-03-16T23:00:00,1383.88
2025-03-17T00:00:00,1327.85
2025-03-17T01:00:00,1274.9
2025-03-17T02:00:00,1263.9
2025-03-17T03:00:00,1255.86
2025-03-17T04:00:00,1271.87
2025-03-17T05:00:00,1308.9
2025-03-17T06:00:00,1399.9
2025-03-17T07:00:00,1496.03
2025-03-17T08:00:00,1479.4
2025-03-17T09:00:00,1328.7
2025-03-17T10:00:00,1208.19
2025-03-17T11:00:00,1132.35
2025-03-17T12:00:00,1105.82
2025-03-17T13:00:00,1129.9
2025-03-17T14:00:00,1166.9
2025-03-17T15:00:00,1223.83
2025-03-17T16:00:00,1302.9
2025-03-17T17:00:00,1370.9
2025-03-17T18:00:00,1478.9
2025-03-17T19:00:00,1532.58
2025-03-17T20:00:00,1539.97
2025-03-17T21:00:00,1508.59
2025-03-17T22:00:00,1456.95
2025-03-17T23:00:00,1380.9
2025-03-18T00:00:00,1302.9
2025-03-18T01:00:00,1258.89
2025-03-18T02:00:00,1239.84
2025-03-18T03:00:00,1234.9
2025-03-18T04:00:00,1229.9
2025-03-18T05:00:00,1260.86
2025-03-18T06:00:00,1329.88
2025-03-18T07:00:00,1399.89
2025-03-18T08:00:00,1379.33
2025-03-18T09:00:00,1264.57
2025-03-18T10:00:00,1140.94
2025-03-18T11:00:00,1039.0
2025-03-18T12:00:00,988.54
2025-03-18T13:00:00,973.79
2025-03-18T14:00:00,963.9
2025-03-18T15:00:00,994.88
2025-03-18T16:00:00,1068.84
2025-03-18T17:00:00,1191.88
2025-03-18T18:00:00,1358.9
2025-03-18T19:00:00,1472.08
2025-03-18T20:00:00,1508.03
2025-03-18T21:00:00,1493.26
2025-03-18T22:00:00,1468.88
2025-03-18T23:00:00,1396.84
2025-03-19T00:00:00,1313.88
2025-03-19T01:00:00,1240.9
2025-03-19T02:00:00,1223.88
2025-03-19T03:00:00,1212.84
2025-03-19T04:00:00,1259.9
2025-03-19T05:00:00,1334.9
2025-03-19T06:00:00,1448.9
2025-03-19T07:00:00,1556.83
2025-03-19T08:00:00,1510.86
2025-03-19T09:00:00,1333.8
2025-03-19T10:00:00,1183.9
2025-03-19T11:00:00,1057.83
2025-03-19T12:00:00,999.9
2025-03-19T13:00:00,977.87
2025-03-19T14:00:00,982.85
2025-03-19T15:00:00,1017.9
2025-03-19T16:00:00,1090.9
2025-03-19T17:00:00,1219.9
2025-03-19T18:00:00,1372.89
2025-03-19T19:00:00,1488.89
2025-03-19T20:00:00,1542.84
2025-03-19T21:00:00,1531.89
2025-03-19T22:00:00,1493.9
2025-03-19T23:00:00,1432.89
2025-03-20T00:00:00,1365.85
2025-03-20T01:00:00,1335.9
2025-03-20T02:00:00,1321.9
2025-03-20T03:00:00,1324.83
2025-03-20T04:00:00,1343.9
2025-03-20T05:00:00,1398.9
2025-03-20T06:00:00,1489.9
2025-03-20T07:00:00,1592.83
2025-03-20T08:00:00,1529.09
2025-03-20T09:00:00,1317.91
2025-03-20T10:00:00,1133.45
2025-03-20T11:00:00,1029.24
2025-03-20T12:00:00,1017.84
2025-03-20T13:00:00,1007.9
2025-03-20T14:00:00,1015.9
2025-03-20T15:00:00,1070.9
2025-03-20T16:00:00,1156.83
2025-03-20T17:00:00,1284.9
2025-03-20T18:00:00,1418.9
2025-03-20T19:00:00,1503.9
2025-03-20T20:00:00,1505.9
2025-03-20T21:00:00,1474.9
2025-03-20T22:00:00,1415.9
2025-03-20T23:00:00,1373.83
2025-03-21T00:00:00,1320.9
2025-03-21T01:00:00,1277.91
2025-03-21T02:00:00,1262.84
2025-03-21T03:00:00,1271.89
2025-03-21T04:00:00,1285.9
2025-03-21T05:00:00,1327.9
2025-03-21T06:00:00,1414.84
2025-03-21T07:00:00,1507.88
2025-03-21T08:00:00,1450.8
2025-03-21T09:00:00,1280.93
2025-03-21T10:00:00,1147.0
2025-03-21T11:00:00,1071.81
2025-03-21T12:00:00,1034.3
2025-03-21T13:00:00,1026.42
2025-03-21T14:00:00,1030.74
2025-03-21T15:00:00,1080.84
2025-03-21T16:00:00,1178.85
2025-03-21T17:00:00,1303.88
2025-03-21T18:00:00,1438.9
2025-03-21T19:00:00,1514.9
2025-03-21T20:00:00,1523.9
2025-03-21T21:00:00,1492.93
2025-03-21T22:00:00,1435.82
2025-03-21T23:00:00,1375.9
2025-03-22T00:00:00,1314.9
2025-03-22T01:00:00,1271.9
2025-03-22T02:00:00,1233.84
2025-03-22T03:00:00,1227.9
2025-03-22T04:00:00,1233.9
2025-03-22T05:00:00,1253.9
2025-03-22T06:00:00,1304.83
2025-03-22T07:00:00,1344.89
2025-03-22T08:00:00,1291.8
2025-03-22T09:00:00,1195.99
2025-03-22T10:00:00,1098.78
2025-03-22T11:00:00,1024.84
2025-03-22T12:00:00,999.82
2025-03-22T13:00:00,991.9
2025-03-22T14:00:00,995.9
2025-03-22T15:00:00,1073.61
2025-03-22T16:00:00,1170.9
2025-03-22T17:00:00,1317.9
2025-03-22T18:00:00,1450.88
2025-03-22T19:00:00,1538.89
2025-03-22T20:00:00,1533.9
2025-03-22T21:00:00,1502.84
2025-03-22T22:00:00,1439.9
2025-03-22T23:00:00,1374.9
2025-03-23T00:00:00,1316.87
2025-03-23T01:00:00,1272.86
2025-03-23T02:00:00,1241.9
2025-03-23T03:00:00,1216.9
2025-03-23T04:00:00,1208.84
2025-03-23T05:00:00,1217.9
2025-03-23T06:00:00,1257.9
2025-03-23T07:00:00,1282.89
2025-03-23T08:00:00,1250.8
2025-03-23T09:00:00,1163.92
2025-03-23T10:00:00,1086.84
2025-03-23T11:00:00,1077.81
2025-03-23T12:00:00,1116.9
2025-03-23T13:00:00,1081.9
2025-03-23T14:00:00,1123.9
2025-03-23T15:00:00,1160.83
2025-03-23T16:00:00,1264.9
2025-03-23T17:00:00,1396.9
2025-03-23T18:00:00,1551.9
2025-03-23T19:00:00,1614.9
2025-03-23T20:00:00,1613.9
2025-03-23T21:00:00,1576.9
2025-03-23T22:00:00,1505.84
2025-03-23T23:00:00,1419.9
2025-03-24T00:00:00,1334.9
2025-03-24T01:00:00,1267.9
2025-03-24T02:00:00,1219.84
2025-03-24T03:00:00,1187.9
2025-03-24T04:00:00,1186.9
2025-03-24T05:00:00,1229.9
2025-03-24T06:00:00,1299.83
2025-03-24T07:00:00,1374.89
2025-03-24T08:00:00,1322.8
2025-03-24T09:00:00,1204.07
2025-03-24T10:00:00,1121.91
2025-03-24T11:00:00,1115.82
2025-03-24T12:00:00,1116.9
2025-03-24T13:00:00,1157.9
2025-03-24T14:00:00,1223.9
2025-03-24T15:00:00,1313.83
2025-03-24T16:00:00,1409.89
2025-03-24T17:00:00,1572.9
2025-03-24T18:00:00,1745.9
2025-03-24T19:00:00,1778.9
2025-03-24T20:00:00,1761.9
2025-03-24T21:00:00,1682.9
2025-03-24T22:00:00,1579.86
2025-03-24T23:00:00,1464.87
2025-03-25T00:00:00,1367.9
2025-03-25T01:00:00,1303.9
2025-03-25T02:00:00,1256.86
2025-03-25T03:00:00,1219.87
2025-03-25T04:00:00,1206.9
2025-03-25T05:00:00,1245.9
2025-03-25T06:00:00,1304.89
2025-03-25T07:00:00,1367.84
2025-03-25T08:00:00,1319.1
2025-03-25T09:00:00,1220.77
2025-03-25T10:00:00,1142.21
2025-03-25T11:00:00,1137.2
2025-03-25T12:00:00,1157.71
2025-03-25T13:00:00,1218.9
2025-03-25T14:00:00,1330.9
2025-03-25T15:00:00,1422.84
2025-03-25T16:00:00,1571.9
2025-03-25T17:00:00,1740.9
2025-03-25T18:00:00,1884.24
2025-03-25T19:00:00,1898.37
2025-03-25T20:00:00,1855.0
2025-03-25T21:00:00,1768.56
2025-03-25T22:00:00,1666.96
2025-03-25T23:00:00,1541.9
2025-03-26T00:00:00,1407.9
2025-03-26T01:00:00,1339.84
2025-03-26T02:00:00,1284.9
2025-03-26T03:00:00,1247.9
2025-03-26T04:00:00,1243.88
2025-03-26T05:00:00,1247.86
2025-03-26T06:00:00,1304.9
2025-03-26T07:00:00,1349.89
2025-03-26T08:00:00,1316.82
2025-03-26T09:00:00,1243.87
2025-03-26T10:00:00,1183.86
2025-03-26T11:00:00,1198.43
2025-03-26T12:00:00,1230.73
2025-03-26T13:00:00,1236.9
2025-03-26T14:00:00,1333.9
2025-03-26T15:00:00,1422.9
2025-03-26T16:00:00,1503.83
2025-03-26T17:00:00,1647.9
2025-03-26T18:00:00,1752.95
2025-03-26T19:00:00,1769.81
2025-03-26T20:00:00,1737.9
2025-03-26T21:00:00,1664.9
2025-03-26T22:00:00,1575.87
2025-03-26T23:00:00,1461.86
2025-03-27T00:00:00,1341.9
2025-03-27T01:00:00,1263.9
2025-03-27T02:00:00,1205.84
2025-03-27T03:00:00,1171.9
2025-03-27T04:00:00,1167.9
2025-03-27T05:00:00,1202.87
2025-03-27T06:00:00,1272.86
2025-03-27T07:00:00,1326.89
2025-03-27T08:00:00,1274.74
2025-03-27T09:00:00,1186.72
2025-03-27T10:00:00,1129.19
2025-03-27T11:00:00,1141.54
2025-03-27T12:00:00,1185.44
2025-03-27T13:00:00,1219.87
2025-03-27T14:00:00,1318.9
2025-03-27T15:00:00,1425.9
2025-03-27T16:00:00,1553.25
2025-03-27T17:00:00,1714.19
2025-03-27T18:00:00,1797.43
2025-03-27T19:00:00,1838.3
2025-03-27T20:00:00,1784.91
2025-03-27T21:00:00,1706.16
2025-03-27T22:00:00,1630.9
2025-03-27T23:00:00,1514.86
2025-03-28T00:00:00,1390.87
2025-03-28T01:00:00,1311.87
2025-03-28T02:00:00,1272.88
2025-03-28T03:00:00,1255.9
2025-03-28T04:00:00,1248.9
2025-03-28T05:00:00,1263.84
2025-03-28T06:00:00,1329.9
2025-03-28T07:00:00,1380.89
2025-03-28T08:00:00,1358.32
2025-03-28T09:00:00,1278.63
2025-03-28T10:00:00,1206.31
2025-03-28T11:00:00,1199.91
2025-03-28T12:00:00,1281.28
2025-03-28T13:00:00,1231.89
2025-03-28T14:00:00,1276.87
2025-03-28T15:00:00,1374.9
2025-03-28T16:00:00,1492.9
2025-03-28T17:00:00,1623.83
2025-03-28T18:00:00,1703.9
2025-03-28T19:00:00,1732.9
2025-03-28T20:00:00,1690.22
2025-03-28T21:00:00,1633.4
2025-03-28T22:00:00,1578.3
2025-03-28T23:00:00,1498.93
2025-03-29T00:00:00,1402.89
2025-03-29T01:00:00,1333.83
2025-03-29T02:00:00,1289.9
2025-03-29T03:00:00,1261.9
2025-03-29T04:00:00,1246.85
2025-03-29T05:00:00,1245.88
2025-03-29T06:00:00,1263.9
2025-03-29T07:00:00,1291.89
2025-03-29T08:00:00,1259.82
2025-03-29T09:00:00,1185.75
2025-03-29T10:00:00,1106.55
2025-03-29T11:00:00,1079.74
2025-03-29T12:00:00,1069.94
2025-03-29T13:00:00,1087.96
2025-03-29T14:00:00,1140.82
2025-03-29T15:00:00,1217.9
2025-03-29T16:00:00,1322.86
2025-03-29T17:00:00,1439.38
2025-03-29T18:00:00,1575.19
2025-03-29T19:00:00,1600.09
2025-03-29T20:00:00,1594.19
2025-03-29T21:00:00,1548.38
2025-03-29T22:00:00,1494.45
2025-03-29T23:00:00,1421.92
2025-03-30T00:00:00,1346.9
2025-03-30T01:00:00,1302.88
2025-03-30T02:00:00,1273.85
2025-03-30T03:00:00,1252.9
2025-03-30T04:00:00,1236.9
2025-03-30T05:00:00,1239.83
2025-03-30T06:00:00,1269.9
2025-03-30T07:00:00,1267.88
2025-03-30T08:00:00,1249.39
2025-03-30T09:00:00,1189.77
2025-03-30T10:00:00,1122.13
2025-03-30T11:00:00,1063.11
2025-03-30T12:00:00,1042.21
2025-03-30T13:00:00,1047.84
2025-03-30T14:00:00,1106.9
2025-03-30T15:00:00,1159.84
2025-03-30T16:00:00,1254.9
2025-03-30T17:00:00,1424.9
2025-03-30T18:00:00,1551.83
2025-03-30T19:00:00,1615.49
2025-03-30T20:00:00,1622.01
2025-03-30T21:00:00,1572.55
2025-03-30T22:00:00,1494.87
2025-03-30T23:00:00,1402.13
2025-03-31T00:00:00,1320.84
2025-03-31T01:00:00,1283.9
2025-03-31T02:00:00,1253.9
2025-03-31T03:00:00,1242.84
2025-03-31T04:00:00,1239.9
2025-03-31T05:00:00,1263.9
2025-03-31T06:00:00,1324.9
2025-03-31T07:00:00,1386.67
2025-03-31T08:00:00,1335.99
2025-03-31T09:00:00,1230.58
2025-03-31T10:00:00,1154.28
2025-03-31T11:00:00,1116.04
2025-03-31T12:00:00,1084.87
2025-03-31T13:00:00,1095.01
2025-03-31T14:00:00,1177.91
2025-03-31T15:00:00,1270.7
2025-03-31T16:00:00,1387.94
2025-03-31T17:00:00,1479.88
2025-03-31T18:00:00,1599.85
2025-03-31T19:00:00,1657.56
2025-03-31T20:00:00,1675.22
2025-03-31T21:00:00,1617.7
2025-03-31T22:00:00,1552.73
2025-03-31T23:00:00,1430.87
2025-04-01T00:00:00,1315.9
2025-04-01T01:00:00,1246.9
2025-04-01T02:00:00,1207.88
2025-04-01T03:00:00,1187.85
2025-04-01T04:00:00,1173.9
2025-04-01T05:00:00,1203.9
2025-04-01T06:00:00,1281.83
2025-04-01T07:00:00,1339.86
2025-04-01T08:00:00,1308.91
2025-04-01T09:00:00,1285.55
2025-04-01T10:00:00,1147.47
2025-04-01T11:00:00,1030.68
2025-04-01T12:00:00,1017.44
2025-04-01T13:00:00,1052.55
2025-04-01T14:00:00,1070.89
2025-04-01T15:00:00,1149.84
2025-04-01T16:00:00,1170.43
2025-04-01T17:00:00,1292.63
2025-04-01T18:00:00,1420.82
2025-04-01T19:00:00,1502.13
2025-04-01T20:00:00,1553.09
2025-04-01T21:00:00,1522.98
2025-04-01T22:00:00,1461.02
2025-04-01T23:00:00,1393.92
2025-04-02T00:00:00,1313.9
2025-04-02T01:00:00,1269.84
2025-04-02T02:00:00,1244.9
2025-04-02T03:00:00,1231.9
2025-04-02T04:00:00,1230.89
2025-04-02T05:00:00,1259.85
2025-04-02T06:00:00,1318.9
2025-04-02T07:00:00,1388.89
2025-04-02T08:00:00,1357.39
2025-04-02T09:00:00,1219.71
2025-04-02T10:00:00,1083.15
2025-04-02T11:00:00,1105.98
2025-04-02T12:00:00,861.82
2025-04-02T13:00:00,1022.9
2025-04-02T14:00:00,1009.83
2025-04-02T15:00:00,1067.9
2025-04-02T16:00:00,1115.9
2025-04-02T17:00:00,1289.9
2025-04-02T18:00:00,1400.86
2025-04-02T19:00:00,1517.58
2025-04-02T20:00:00,1576.78
2025-04-02T21:00:00,1537.96
2025-04-02T22:00:00,1497.1
2025-04-02T23:00:00,1426.9
2025-04-03T00:00:00,1349.9
2025-04-03T01:00:00,1297.88
2025-04-03T02:00:00,1261.85
2025-04-03T03:00:00,1248.9
2025-04-03T04:00:00,1269.9
2025-04-03T05:00:00,1304.84
2025-04-03T06:00:00,1382.89
2025-04-03T07:00:00,1449.89
2025-04-03T08:00:00,1361.38
2025-04-03T09:00:00,1229.73
2025-04-03T10:00:00,1097.19
2025-04-03T11:00:00,1012.98
2025-04-03T12:00:00,991.85
2025-04-03T13:00:00,1003.9
2025-04-03T14:00:00,1033.9
2025-04-03T15:00:00,1105.83
2025-04-03T16:00:00,1262.9
2025-04-03T17:00:00,1328.9
2025-04-03T18:00:00,1402.89
2025-04-03T19:00:00,1491.15
2025-04-03T20:00:00,1517.19
2025-04-03T21:00:00,1496.51
2025-04-03T22:00:00,1469.99
2025-04-03T23:00:00,1397.88
2025-04-04T00:00:00,1312.9
2025-04-04T01:00:00,1289.84
2025-04-04T02:00:00,1272.9
2025-04-04T03:00:00,1267.9
2025-04-04T04:00:00,1274.84
2025-04-04T05:00:00,1307.9
2025-04-04T06:00:00,1393.9
2025-04-04T07:00:00,1456.89
2025-04-04T08:00:00,1404.38
2025-04-04T09:00:00,1263.98
2025-04-04T10:00:00,1109.24
2025-04-04T11:00:00,1094.4
2025-04-04T12:00:00,1163.01
2025-04-04T13:00:00,1264.67
2025-04-04T14:00:00,1275.91
2025-04-04T15:00:00,1207.86
2025-04-04T16:00:00,1183.9
2025-04-04T17:00:00,1254.9
2025-04-04T18:00:00,1361.05
2025-04-04T19:00:00,1463.04
2025-04-04T20:00:00,1515.32
2025-04-04T21:00:00,1486.76
2025-04-04T22:00:00,1461.84
2025-04-04T23:00:00,1410.01
2025-04-05T00:00:00,1345.0
2025-04-05T01:00:00,1336.94
2025-04-05T02:00:00,1315.94
2025-04-05T03:00:00,1308.93
2025-04-05T04:00:00,1314.9
2025-04-05T05:00:00,1343.84
2025-04-05T06:00:00,1395.9
2025-04-05T07:00:00,1418.89
2025-04-05T08:00:00,1356.42
2025-04-05T09:00:00,1246.67
2025-04-05T10:00:00,1133.21
2025-04-05T11:00:00,1047.84
2025-04-05T12:00:00,991.84
2025-04-05T13:00:00,966.97
2025-04-05T14:00:00,982.92
2025-04-05T15:00:00,1013.83
2025-04-05T16:00:00,1125.9
2025-04-05T17:00:00,1302.9
2025-04-05T18:00:00,1387.86
2025-04-05T19:00:00,1431.74
2025-04-05T20:00:00,1471.81
2025-04-05T21:00:00,1445.49
2025-04-05T22:00:00,1402.1
2025-04-05T23:00:00,1353.85
2025-04-06T00:00:00,1297.9
2025-04-06T01:00:00,1260.9
2025-04-06T02:00:00,1241.87
2025-04-06T03:00:00,1232.86
2025-04-06T04:00:00,1230.9
2025-04-06T05:00:00,1252.9
2025-04-06T06:00:00,1285.84
2025-04-06T07:00:00,1297.88
2025-04-06T08:00:00,1220.48
2025-04-06T09:00:00,1126.06
2025-04-06T10:00:00,1016.32
2025-04-06T11:00:00,955.34
2025-04-06T12:00:00,929.89
2025-04-06T13:00:00,931.93
2025-04-06T14:00:00,936.84
2025-04-06T15:00:00,987.83
2025-04-06T16:00:00,1082.9
2025-04-06T17:00:00,1225.9
2025-04-06T18:00:00,1386.9
2025-04-06T19:00:00,1475.82
2025-04-06T20:00:00,1518.98
2025-04-06T21:00:00,1490.63
2025-04-06T22:00:00,1418.09
2025-04-06T23:00:00,1333.12
2025-04-07T00:00:00,1261.06
2025-04-07T01:00:00,1209.85
2025-04-07T02:00:00,1187.87
2025-04-07T03:00:00,1179.77
2025-04-07T04:00:00,1185.85
2025-04-07T05:00:00,1220.9
2025-04-07T06:00:00,1301.9
2025-04-07T07:00:00,1370.86
2025-04-07T08:00:00,1283.38
2025-04-07T09:00:00,1155.68
2025-04-07T10:00:00,1046.28
2025-04-07T11:00:00,981.42
2025-04-07T12:00:00,961.89
2025-04-07T13:00:00,988.84
2025-04-07T14:00:00,1031.77
2025-04-07T15:00:00,1100.9
2025-04-07T16:00:00,1194.91
2025-04-07T17:00:00,1347.91
2025-04-07T18:00:00,1490.91
2025-04-07T19:00:00,1550.94
2025-04-07T20:00:00,1558.47
2025-04-07T21:00:00,1508.79
2025-04-07T22:00:00,1442.93
2025-04-07T23:00:00,1348.08
2025-04-08T00:00:00,1233.1
2025-04-08T01:00:00,1196.89
2025-04-08T02:00:00,1158.85
2025-04-08T03:00:00,1146.9
2025-04-08T04:00:00,1142.9
2025-04-08T05:00:00,1164.84
2025-04-08T06:00:00,1235.9
2025-04-08T07:00:00,1282.88
2025-04-08T08:00:00,1214.82
2025-04-08T09:00:00,1116.0
2025-04-08T10:00:00,1019.86
2025-04-08T11:00:00,998.3
2025-04-08T12:00:00,1003.56
2025-04-08T13:00:00,1068.77
2025-04-08T14:00:00,1161.9
2025-04-08T15:00:00,1237.9
2025-04-08T16:00:00,1372.83
2025-04-08T17:00:00,1528.9
2025-04-08T18:00:00,1671.01
2025-04-08T19:00:00,1726.92
2025-04-08T20:00:00,1697.97
2025-04-08T21:00:00,1629.32
2025-04-08T22:00:00,1546.85
2025-04-08T23:00:00,1430.89
2025-04-09T00:00:00,1314.9
2025-04-09T01:00:00,1262.89
2025-04-09T02:00:00,1225.85
2025-04-09T03:00:00,1199.88
2025-04-09T04:00:00,1206.88
2025-04-09T05:00:00,1209.9
2025-04-09T06:00:00,1263.88
2025-04-09T07:00:00,1309.83
2025-04-09T08:00:00,1246.84
2025-04-09T09:00:00,1164.66
2025-04-09T10:00:00,1096.58
2025-04-09T11:00:00,1095.77
2025-04-09T12:00:00,1122.14
2025-04-09T13:00:00,1192.72
2025-04-09T14:00:00,1287.86
2025-04-09T15:00:00,1399.87
2025-04-09T16:00:00,1544.9
2025-04-09T17:00:00,1693.9
2025-04-09T18:00:00,1838.75
2025-04-09T19:00:00,1855.49
2025-04-09T20:00:00,1808.46
2025-04-09T21:00:00,1712.12
2025-04-09T22:00:00,1600.9
2025-04-09T23:00:00,1475.9
2025-04-10T00:00:00,1355.9
2025-04-10T01:00:00,1286.83
2025-04-10T02:00:00,1234.9
2025-04-10T03:00:00,1209.9
2025-04-10T04:00:00,1208.88
2025-04-10T05:00:00,1218.85
2025-04-10T06:00:00,1282.9
2025-04-10T07:00:00,1314.88
2025-04-10T08:00:00,1258.2
2025-04-10T09:00:00,1160.38
2025-04-10T10:00:00,1104.13
2025-04-10T11:00:00,1114.17
2025-04-10T12:00:00,1174.86
2025-04-10T13:00:00,1260.9
2025-04-10T14:00:00,1418.82
2025-04-10T15:00:00,1549.9
2025-04-10T16:00:00,1704.9
2025-04-10T17:00:00,1860.9
2025-04-10T18:00:00,1988.87
2025-04-10T19:00:00,1983.63
2025-04-10T20:00:00,1888.52
2025-04-10T21:00:00,1785.81
2025-04-10T22:00:00,1683.45
2025-04-10T23:00:00,1538.12
2025-04-11T00:00:00,1416.1
2025-04-11T01:00:00,1331.81
2025-04-11T02:00:00,1272.9
2025-04-11T03:00:00,1237.9
2025-04-11T04:00:00,1224.84
2025-04-11T05:00:00,1207.9
2025-04-11T06:00:00,1249.9
2025-04-11T07:00:00,1288.88
2025-04-11T08:00:00,1276.36
2025-04-11T09:00:00,1216.7
2025-04-11T10:00:00,1185.18
2025-04-11T11:00:00,1236.47
2025-04-11T12:00:00,1332.35
2025-04-11T13:00:00,1441.9
2025-04-11T14:00:00,1595.9
2025-04-11T15:00:00,1768.83
2025-04-11T16:00:00,1947.9
2025-04-11T17:00:00,2040.9
2025-04-11T18:00:00,2109.9
2025-04-11T19:00:00,2054.99
2025-04-11T20:00:00,1972.21
2025-04-11T21:00:00,1849.21
2025-04-11T22:00:00,1702.33
2025-04-11T23:00:00,1591.91
2025-04-12T00:00:00,1450.84
2025-04-12T01:00:00,1368.86
2025-04-12T02:00:00,1294.9
2025-04-12T03:00:00,1251.9
2025-04-12T04:00:00,1219.84
2025-04-12T05:00:00,1234.9
2025-04-12T06:00:00,1273.9
2025-04-12T07:00:00,1260.88
2025-04-12T08:00:00,1204.37
2025-04-12T09:00:00,1187.51
2025-04-12T10:00:00,1182.3
2025-04-12T11:00:00,1232.39
2025-04-12T12:00:00,1322.85
2025-04-12T13:00:00,1437.9
2025-04-12T14:00:00,1573.9
2025-04-12T15:00:00,1685.83
2025-04-12T16:00:00,1820.89
2025-04-12T17:00:00,1961.9
2025-04-12T18:00:00,2044.9
2025-04-12T19:00:00,1988.05
2025-04-12T20:00:00,1914.16
2025-04-12T21:00:00,1807.88
2025-04-12T22:00:00,1672.88
2025-04-12T23:00:00,1559.93
2025-04-13T00:00:00,1423.9
2025-04-13T01:00:00,1340.83
2025-04-13T02:00:00,1285.95
2025-04-13T03:00:00,1238.8
2025-04-13T04:00:00,1211.9
2025-04-13T05:00:00,1203.9
2025-04-13T06:00:00,1218.85
2025-04-13T07:00:00,1215.86
2025-04-13T08:00:00,1211.68
2025-04-13T09:00:00,1221.83
2025-04-13T10:00:00,1217.03
2025-04-13T11:00:00,1238.14
2025-04-13T12:00:00,1341.34
2025-04-13T13:00:00,1479.95
2025-04-13T14:00:00,1622.78
2025-04-13T15:00:00,1563.9
2025-04-13T16:00:00,1701.86
2025-04-13T17:00:00,1894.9
2025-04-13T18:00:00,1940.9
2025-04-13T19:00:00,1916.69
2025-04-13T20:00:00,1870.66
2025-04-13T21:00:00,1802.95
2025-04-13T22:00:00,1703.5
2025-04-13T23:00:00,1561.91
2025-04-14T00:00:00,1438.9
2025-04-14T01:00:00,1365.85
2025-04-14T02:00:00,1306.9
2025-04-14T03:00:00,1251.9
2025-04-14T04:00:00,1214.84
2025-04-14T05:00:00,1235.9
2025-04-14T06:00:00,1273.9
2025-04-14T07:00:00,1301.88
2025-04-14T08:00:00,1294.08
2025-04-14T09:00:00,1253.06
2025-04-14T10:00:00,1227.97
2025-04-14T11:00:00,1333.89
2025-04-14T12:00:00,1357.18
2025-04-14T13:00:00,1453.01
2025-04-14T14:00:00,1692.69
2025-04-14T15:00:00,1776.8
2025-04-14T16:00:00,1777.79
2025-04-14T17:00:00,1905.86
2025-04-14T18:00:00,1923.89
2025-04-14T19:00:00,1881.9
2025-04-14T20:00:00,1855.09
2025-04-14T21:00:00,1774.93
2025-04-14T22:00:00,1667.43
2025-04-14T23:00:00,1527.93
2025-04-15T00:00:00,1422.83
2025-04-15T01:00:00,1337.9
2025-04-15T02:00:00,1290.9
2025-04-15T03:00:00,1246.9
2025-04-15T04:00:00,1238.83
2025-04-15T05:00:00,1240.9
2025-04-15T06:00:00,1291.9
2025-04-15T07:00:00,1340.88
2025-04-15T08:00:00,1300.32
2025-04-15T09:00:00,1227.74
2025-04-15T10:00:00,1212.16
2025-04-15T11:00:00,1271.99
2025-04-15T12:00:00,1370.8
2025-04-15T13:00:00,1495.83
2025-04-15T14:00:00,1648.9
2025-04-15T15:00:00,1731.9
2025-04-15T16:00:00,1846.84
2025-04-15T17:00:00,1950.88
2025-04-15T18:00:00,2038.1
2025-04-15T19:00:00,2041.11
2025-04-15T20:00:00,1995.55
2025-04-15T21:00:00,1891.24
2025-04-15T22:00:00,1785.98
2025-04-15T23:00:00,1630.07
2025-04-16T00:00:00,1504.87
2025-04-16T01:00:00,1403.84
2025-04-16T02:00:00,1340.9
2025-04-16T03:00:00,1295.9
2025-04-16T04:00:00,1278.86
2025-04-16T05:00:00,1282.87
2025-04-16T06:00:00,1325.9
2025-04-16T07:00:00,1360.88
2025-04-16T08:00:00,1305.37
2025-04-16T09:00:00,1253.71
2025-04-16T10:00:00,1229.22
2025-04-16T11:00:00,1245.26
2025-04-16T12:00:00,1290.81
2025-04-16T13:00:00,1383.86
2025-04-16T14:00:00,1482.86
2025-04-16T15:00:00,1611.9
2025-04-16T16:00:00,1724.9
2025-04-16T17:00:00,1844.9
2025-04-16T18:00:00,1963.14
2025-04-16T19:00:00,1934.6
2025-04-16T20:00:00,1870.67
2025-04-16T21:00:00,1792.92
2025-04-16T22:00:00,1679.52
2025-04-16T23:00:00,1543.89
2025-04-17T00:00:00,1417.9
2025-04-17T01:00:00,1340.88
2025-04-17T02:00:00,1285.85
2025-04-17T03:00:00,1250.9
2025-04-17T04:00:00,1234.9
2025-04-17T05:00:00,1241.83
2025-04-17T06:00:00,1299.9
2025-04-17T07:00:00,1336.88
2025-04-17T08:00:00,1270.44
2025-04-17T09:00:00,1187.62
2025-04-17T10:00:00,1119.2
2025-04-17T11:00:00,1100.53
2025-04-17T12:00:00,1129.77
2025-04-17T13:00:00,1160.9
2025-04-17T14:00:00,1193.9
2025-04-17T15:00:00,1290.82
2025-04-17T16:00:00,1419.9
2025-04-17T17:00:00,1509.82
2025-04-17T18:00:00,1593.9
2025-04-17T19:00:00,1622.04
2025-04-17T20:00:00,1623.24
2025-04-17T21:00:00,1581.92
2025-04-17T22:00:00,1509.03
2025-04-17T23:00:00,1415.9
2025-04-18T00:00:00,1326.84
2025-04-18T01:00:00,1262.9
2025-04-18T02:00:00,1204.9
2025-04-18T03:00:00,1188.84
2025-04-18T04:00:00,1163.89
2025-04-18T05:00:00,1198.9
2025-04-18T06:00:00,1230.9
2025-04-18T07:00:00,1241.84
2025-04-18T08:00:00,1192.48
2025-04-18T09:00:00,1150.05
2025-04-18T10:00:00,1122.2
2025-04-18T11:00:00,1091.83
2025-04-18T12:00:00,1067.79
2025-04-18T13:00:00,1086.9
2025-04-18T14:00:00,1129.82
2025-04-18T15:00:00,1198.9
2025-04-18T16:00:00,1265.9
2025-04-18T17:00:00,1410.88
2025-04-18T18:00:00,1494.83
2025-04-18T19:00:00,1538.17
2025-04-18T20:00:00,1564.65
2025-04-18T21:00:00,1533.21
2025-04-18T22:00:00,1499.12
2025-04-18T23:00:00,1419.12
2025-04-19T00:00:00,1350.1
2025-04-19T01:00:00,1287.83
2025-04-19T02:00:00,1262.87
2025-04-19T03:00:00,1255.9
2025-04-19T04:00:00,1236.9
2025-04-19T05:00:00,1232.84
2025-04-19T06:00:00,1252.9
2025-04-19T07:00:00,1261.88
2025-04-19T08:00:00,1219.35
2025-04-19T09:00:00,1146.7
2025-04-19T10:00:00,1101.26
2025-04-19T11:00:00,1016.77
2025-04-19T12:00:00,996.79
2025-04-19T13:00:00,995.81
2025-04-19T14:00:00,1002.9
2025-04-19T15:00:00,1036.9
2025-04-19T16:00:00,1106.87
2025-04-19T17:00:00,1240.81
2025-04-19T18:00:00,1373.14
2025-04-19T19:00:00,1460.34
2025-04-19T20:00:00,1489.24
2025-04-19T21:00:00,1474.91
2025-04-19T22:00:00,1429.42
2025-04-19T23:00:00,1382.9
2025-04-20T00:00:00,1315.9
2025-04-20T01:00:00,1273.82
2025-04-20T02:00:00,1250.9
2025-04-20T03:00:00,1227.9
2025-04-20T04:00:00,1228.9
2025-04-20T05:00:00,1254.83
2025-04-20T06:00:00,1270.9
2025-04-20T07:00:00,1255.88
2025-04-20T08:00:00,1185.18
2025-04-20T09:00:00,1095.13
2025-04-20T10:00:00,1016.84
2025-04-20T11:00:00,957.02
2025-04-20T12:00:00,953.31
2025-04-20T13:00:00,972.9
2025-04-20T14:00:00,1011.9
2025-04-20T15:00:00,1075.81
2025-04-20T16:00:00,1184.9
2025-04-20T17:00:00,1345.9
2025-04-20T18:00:00,1488.23
2025-04-20T19:00:00,1557.45
2025-04-20T20:00:00,1574.69
2025-04-20T21:00:00,1554.86
2025-04-20T22:00:00,1484.33
2025-04-20T23:00:00,1392.82
2025-04-21T00:00:00,1289.9
2025-04-21T01:00:00,1219.85
2025-04-21T02:00:00,1183.9
2025-04-21T03:00:00,1204.94
2025-04-21T04:00:00,1207.79
2025-04-21T05:00:00,1230.9
2025-04-21T06:00:00,1286.88
2025-04-21T07:00:00,1318.85
2025-04-21T08:00:00,1241.5
2025-04-21T09:00:00,1150.6
2025-04-21T10:00:00,1099.26
2025-04-21T11:00:00,1095.74
2025-04-21T12:00:00,1130.73
2025-04-21T13:00:00,1199.81
2025-04-21T14:00:00,1285.9
2025-04-21T15:00:00,1383.9
2025-04-21T16:00:00,1532.81
2025-04-21T17:00:00,1691.9
2025-04-21T18:00:00,1812.9
2025-04-21T19:00:00,1842.81
2025-04-21T20:00:00,1791.86
2025-04-21T21:00:00,1711.0
2025-04-21T22:00:00,1606.64
2025-04-21T23:00:00,1488.81
2025-04-22T00:00:00,1392.9
2025-04-22T01:00:00,1309.91
2025-04-22T02:00:00,1264.88
2025-04-22T03:00:00,1242.85
2025-04-22T04:00:00,1247.9
2025-04-22T05:00:00,1265.9
2025-04-22T06:00:00,1302.9
2025-04-22T07:00:00,1320.82
2025-04-22T08:00:00,1266.48
2025-04-22T09:00:00,1206.66
2025-04-22T10:00:00,1174.27
2025-04-22T11:00:00,1179.05
2025-04-22T12:00:00,1219.8
2025-04-22T13:00:00,1277.9
2025-04-22T14:00:00,1367.9
2025-04-22T15:00:00,1472.81
2025-04-22T16:00:00,1599.9
2025-04-22T17:00:00,1763.16
2025-04-22T18:00:00,1895.11
2025-04-22T19:00:00,1906.72
2025-04-22T20:00:00,1861.29
2025-04-22T21:00:00,1771.9
2025-04-22T22:00:00,1659.86
2025-04-22T23:00:00,1519.9
2025-04-23T00:00:00,1394.9
2025-04-23T01:00:00,1332.84
2025-04-23T02:00:00,1292.9
2025-04-23T03:00:00,1275.9
2025-04-23T04:00:00,1263.89
2025-04-23T05:00:00,1268.84
2025-04-23T06:00:00,1305.9
2025-04-23T07:00:00,1296.88
2025-04-23T08:00:00,1204.44
2025-04-23T09:00:00,1144.64
2025-04-23T10:00:00,1097.27
2025-04-23T11:00:00,1101.0
2025-04-23T12:00:00,1146.3
2025-04-23T13:00:00,1208.86
2025-04-23T14:00:00,1298.85
2025-04-23T15:00:00,1398.9
2025-04-23T16:00:00,1523.9
2025-04-23T17:00:00,1664.82
2025-04-23T18:00:00,1784.23
2025-04-23T19:00:00,1804.06
2025-04-23T20:00:00,1774.24
2025-04-23T21:00:00,1699.91
2025-04-23T22:00:00,1608.98
2025-04-23T23:00:00,1485.14
2025-04-24T00:00:00,1368.87
2025-04-24T01:00:00,1285.83
2025-04-24T02:00:00,1224.9
2025-04-24T03:00:00,1200.9
2025-04-24T04:00:00,1199.9
2025-04-24T05:00:00,1209.83
2025-04-24T06:00:00,1270.9
2025-04-24T07:00:00,1263.88
2025-04-24T08:00:00,1207.44
2025-04-24T09:00:00,1134.67
2025-04-24T10:00:00,1084.18
2025-04-24T11:00:00,1108.59
2025-04-24T12:00:00,1136.79
2025-04-24T13:00:00,1227.9
2025-04-24T14:00:00,1426.81
2025-04-24T15:00:00,1506.9
2025-04-24T16:00:00,1586.9
2025-04-24T17:00:00,1712.9
2025-04-24T18:00:00,1820.86
2025-04-24T19:00:00,1848.15
2025-04-24T20:00:00,1810.64
2025-04-24T21:00:00,1727.7
2025-04-24T22:00:00,1646.07
2025-04-24T23:00:00,1526.85
2025-04-25T00:00:00,1418.86
2025-04-25T01:00:00,1347.92
2025-04-25T02:00:00,1306.83
2025-04-25T03:00:00,1273.9
2025-04-25T04:00:00,1259.9
2025-04-25T05:00:00,1277.89
2025-04-25T06:00:00,1327.84
2025-04-25T07:00:00,1325.88
2025-04-25T08:00:00,1272.44
2025-04-25T09:00:00,1211.68
2025-04-25T10:00:00,1173.23
2025-04-25T11:00:00,1188.0
2025-04-25T12:00:00,1232.79
2025-04-25T13:00:00,1301.9
2025-04-25T14:00:00,1394.86
2025-04-25T15:00:00,1505.85
2025-04-25T16:00:00,1626.9
2025-04-25T17:00:00,1749.85
2025-04-25T18:00:00,1859.88
2025-04-25T19:00:00,1862.52
2025-04-25T20:00:00,1811.23
2025-04-25T21:00:00,1733.92
2025-04-25T22:00:00,1650.46
2025-04-25T23:00:00,1535.92
2025-04-26T00:00:00,1436.85
2025-04-26T01:00:00,1357.88
2025-04-26T02:00:00,1304.9
2025-04-26T03:00:00,1273.9
2025-04-26T04:00:00,1256.83
2025-04-26T05:00:00,1257.9
2025-04-26T06:00:00,1281.9
2025-04-26T07:00:00,1254.87
2025-04-26T08:00:00,1202.34
2025-04-26T09:00:00,1171.78
2025-04-26T10:00:00,1130.16
2025-04-26T11:00:00,1132.59
2025-04-26T12:00:00,1169.79
2025-04-26T13:00:00,1229.9
2025-04-26T14:00:00,1299.81
2025-04-26T15:00:00,1386.86
2025-04-26T16:00:00,1517.9
2025-04-26T17:00:00,1637.9
2025-04-26T18:00:00,1735.9
2025-04-26T19:00:00,1751.52
2025-04-26T20:00:00,1712.22
2025-04-26T21:00:00,1647.92
2025-04-26T22:00:00,1576.65
2025-04-26T23:00:00,1501.85
2025-04-27T00:00:00,1411.9
2025-04-27T01:00:00,1345.91
2025-04-27T02:00:00,1292.83
2025-04-27T03:00:00,1257.9
2025-04-27T04:00:00,1233.9
2025-04-27T05:00:00,1235.9
2025-04-27T06:00:00,1240.83
2025-04-27T07:00:00,1206.87
2025-04-27T08:00:00,1104.49
2025-04-27T09:00:00,1036.63
2025-04-27T10:00:00,993.26
2025-04-27T11:00:00,958.09
2025-04-27T12:00:00,966.8
2025-04-27T13:00:00,1025.9
2025-04-27T14:00:00,1041.9
2025-04-27T15:00:00,1116.9
2025-04-27T16:00:00,1212.8
2025-04-27T17:00:00,1342.9
2025-04-27T18:00:00,1475.9
2025-04-27T19:00:00,1532.52
2025-04-27T20:00:00,1541.1
2025-04-27T21:00:00,1511.92
2025-04-27T22:00:00,1433.17
2025-04-27T23:00:00,1351.91
2025-04-28T00:00:00,1264.85
2025-04-28T01:00:00,1203.9
2025-04-28T02:00:00,1167.9
2025-04-28T03:00:00,1147.84
2025-04-28T04:00:00,1143.9
2025-04-28T05:00:00,1168.9
2025-04-28T06:00:00,1220.9
2025-04-28T07:00:00,1243.86
2025-04-28T08:00:00,1170.76
2025-04-28T09:00:00,1075.98
2025-04-28T10:00:00,1000.77
2025-04-28T11:00:00,971.53
2025-04-28T12:00:00,963.72
2025-04-28T13:00:00,997.28
2025-04-28T14:00:00,1052.01
2025-04-28T15:00:00,1105.7
2025-04-28T16:00:00,1222.9
2025-04-28T17:00:00,1369.9
2025-04-28T18:00:00,1490.85
2025-04-28T19:00:00,1561.68
2025-04-28T20:00:00,1568.1
2025-04-28T21:00:00,1522.15
2025-04-28T22:00:00,1458.45
2025-04-28T23:00:00,1351.91
2025-04-29T00:00:00,1254.9
2025-04-29T01:00:00,1189.9
2025-04-29T02:00:00,1156.84
2025-04-29T03:00:00,1138.9
2025-04-29T04:00:00,1136.9
2025-04-29T05:00:00,1160.9
2025-04-29T06:00:00,1210.83
2025-04-29T07:00:00,1232.87
2025-04-29T08:00:00,1176.53
2025-04-29T09:00:00,1090.57
2025-04-29T10:00:00,1037.31
2025-04-29T11:00:00,1004.31
2025-04-29T12:00:00,999.74
2025-04-29T13:00:00,1031.9
2025-04-29T14:00:00,1069.88
2025-04-29T15:00:00,1130.84
2025-04-29T16:00:00,1289.9
2025-04-29T17:00:00,1445.9
2025-04-29T18:00:00,1585.14
2025-04-29T19:00:00,1616.77
2025-04-29T20:00:00,1620.25
2025-04-29T21:00:00,1573.52
2025-04-29T22:00:00,1500.25
2025-04-29T23:00:00,1396.78
2025-04-30T00:00:00,1294.81
2025-04-30T01:00:00,1235.93
2025-04-30T02:00:00,1189.84
2025-04-30T03:00:00,1170.9
2025-04-30T04:00:00,1167.9
2025-04-30T05:00:00,1166.86
2025-04-30T06:00:00,1229.87
2025-04-30T07:00:00,1254.88
2025-04-30T08:00:00,1183.79
2025-04-30T09:00:00,1114.48
2025-04-30T10:00:00,1071.77
2025-04-30T11:00:00,1056.23
2025-04-30T12:00:00,1090.85
2025-04-30T13:00:00,1164.34
2025-04-30T14:00:00,1238.88
2025-04-30T15:00:00,1341.9
2025-04-30T16:00:00,1453.9
2025-04-30T17:00:00,1590.88
2025-04-30T18:00:00,1697.85
2025-04-30T19:00:00,1731.28
2025-04-30T20:00:00,1709.02
2025-04-30T21:00:00,1640.05
2025-04-30T22:00:00,1543.86
2025-04-30T23:00:00,1434.91
2025-05-01T00:00:00,1328.89
2025-05-01T01:00:00,1260.84
2025-05-01T02:00:00,1212.9
2025-05-01T03:00:00,1196.9
2025-05-01T04:00:00,1182.84
2025-05-01T05:00:00,1182.9
2025-05-01T06:00:00,1235.9
2025-05-01T07:00:00,1264.87
2025-05-01T08:00:00,1211.42
2025-05-01T09:00:00,1136.79
2025-05-01T10:00:00,1117.11
2025-05-01T11:00:00,1140.96
2025-05-01T12:00:00,1191.33
2025-05-01T13:00:00,1263.9
2025-05-01T14:00:00,1352.9
2025-05-01T15:00:00,1437.9
2025-05-01T16:00:00,1562.82
2025-05-01T17:00:00,1694.9
2025-05-01T18:00:00,1814.9
2025-05-01T19:00:00,1836.78
2025-05-01T20:00:00,1789.65
2025-05-01T21:00:00,1712.86
2025-05-01T22:00:00,1611.13
2025-05-01T23:00:00,1486.1
2025-05-02T00:00:00,1363.83
2025-05-02T01:00:00,1288.88
2025-05-02T02:00:00,1235.9
2025-05-02T03:00:00,1200.9
2025-05-02T04:00:00,1171.83
2025-05-02T05:00:00,1188.92
2025-05-02T06:00:00,1236.84
2025-05-02T07:00:00,1262.87
2025-05-02T08:00:00,1215.51
2025-05-02T09:00:00,1160.69
2025-05-02T10:00:00,1142.22
2025-05-02T11:00:00,1156.08
2025-05-02T12:00:00,1163.92
2025-05-02T13:00:00,1242.9
2025-05-02T14:00:00,1369.9
2025-05-02T15:00:00,1530.9
2025-05-02T16:00:00,1636.83
2025-05-02T17:00:00,1745.9
2025-05-02T18:00:00,1842.14
2025-05-02T19:00:00,1843.4
2025-05-02T20:00:00,1788.8
2025-05-02T21:00:00,1716.94
2025-05-02T22:00:00,1612.57
2025-05-02T23:00:00,1518.88
2025-05-03T00:00:00,1409.84
2025-05-03T01:00:00,1321.9
2025-05-03T02:00:00,1263.9
2025-05-03T03:00:00,1219.87
2025-05-03T04:00:00,1189.87
2025-05-03T05:00:00,1190.9
2025-05-03T06:00:00,1191.9
2025-05-03T07:00:00,1182.85
2025-05-03T08:00:00,1135.46
2025-05-03T09:00:00,1133.56
2025-05-03T10:00:00,1127.75
2025-05-03T11:00:00,1159.79
2025-05-03T12:00:00,1234.35
2025-05-03T13:00:00,1313.9
2025-05-03T14:00:00,1432.9
2025-05-03T15:00:00,1526.83
2025-05-03T16:00:00,1661.9
2025-05-03T17:00:00,1776.9
2025-05-03T18:00:00,1870.9
2025-05-03T19:00:00,1841.67
2025-05-03T20:00:00,1787.22
2025-05-03T21:00:00,1715.27
2025-05-03T22:00:00,1602.99
2025-05-03T23:00:00,1502.89
2025-05-04T00:00:00,1413.84
2025-05-04T01:00:00,1340.88
2025-05-04T02:00:00,1272.9
2025-05-04T03:00:00,1226.9
2025-05-04T04:00:00,1194.84
2025-05-04T05:00:00,1194.9
2025-05-04T06:00:00,1197.9
2025-05-04T07:00:00,1170.86
2025-05-04T08:00:00,1133.48
2025-05-04T09:00:00,1108.58
2025-05-04T10:00:00,1203.35
2025-05-04T11:00:00,1204.45
2025-05-04T12:00:00,1192.67
2025-05-04T13:00:00,1197.9
2025-05-04T14:00:00,1321.9
2025-05-04T15:00:00,1291.83
2025-05-04T16:00:00,1339.9
2025-05-04T17:00:00,1471.9
2025-05-04T18:00:00,1570.9
2025-05-04T19:00:00,1589.61
2025-05-04T20:00:00,1608.55
2025-05-04T21:00:00,1587.55
2025-05-04T22:00:00,1520.33
2025-05-04T23:00:00,1430.89
2025-05-05T00:00:00,1329.86
2025-05-05T01:00:00,1278.88
2025-05-05T02:00:00,1247.9
2025-05-05T03:00:00,1220.9
2025-05-05T04:00:00,1215.83
2025-05-05T05:00:00,1218.9
2025-05-05T06:00:00,1263.9
2025-05-05T07:00:00,1301.87
2025-05-05T08:00:00,1283.47
2025-05-05T09:00:00,1248.49
2025-05-05T10:00:00,1219.39
2025-05-05T11:00:00,1157.66
2025-05-05T12:00:00,1173.68
2025-05-05T13:00:00,1219.84
2025-05-05T14:00:00,1262.9
2025-05-05T15:00:00,1247.9
2025-05-05T16:00:00,1361.83
2025-05-05T17:00:00,1382.9
2025-05-05T18:00:00,1466.9
2025-05-05T19:00:00,1522.61
2025-05-05T20:00:00,1538.21
2025-05-05T21:00:00,1523.94
2025-05-05T22:00:00,1476.9
2025-05-05T23:00:00,1393.86
2025-05-06T00:00:00,1319.87
2025-05-06T01:00:00,1294.9
2025-05-06T02:00:00,1262.9
2025-05-06T03:00:00,1238.84
2025-05-06T04:00:00,1247.9
2025-05-06T05:00:00,1269.9
2025-05-06T06:00:00,1321.9
2025-05-06T07:00:00,1346.83
2025-05-06T08:00:00,1342.84
2025-05-06T09:00:00,1324.82
2025-05-06T10:00:00,1300.91
2025-05-06T11:00:00,1261.93
2025-05-06T12:00:00,1170.8
2025-05-06T13:00:00,1131.82
2025-05-06T14:00:00,1202.48
2025-05-06T15:00:00,1251.67
2025-05-06T16:00:00,1279.49
2025-05-06T17:00:00,1297.9
2025-05-06T18:00:00,1434.71
2025-05-06T19:00:00,1521.19
2025-05-06T20:00:00,1552.82
2025-05-06T21:00:00,1535.56
2025-05-06T22:00:00,1473.53
2025-05-06T23:00:00,1385.89
2025-05-07T00:00:00,1318.83
2025-05-07T01:00:00,1276.9
2025-05-07T02:00:00,1244.9
2025-05-07T03:00:00,1236.9
2025-05-07T04:00:00,1233.84
2025-05-07T05:00:00,1256.9
2025-05-07T06:00:00,1278.9
2025-05-07T07:00:00,1286.87
2025-05-07T08:00:00,1174.37
2025-05-07T09:00:00,1066.6
2025-05-07T10:00:00,1005.34
2025-05-07T11:00:00,1008.44
2025-05-07T12:00:00,1056.72
2025-05-07T13:00:00,1142.9
2025-05-07T14:00:00,1231.82
2025-05-07T15:00:00,1401.9
2025-05-07T16:00:00,1489.9
2025-05-07T17:00:00,1575.9
2025-05-07T18:00:00,1625.86
2025-05-07T19:00:00,1620.39
2025-05-07T20:00:00,1632.16
2025-05-07T21:00:00,1614.89
2025-05-07T22:00:00,1543.66
2025-05-07T23:00:00,1427.88
2025-05-08T00:00:00,1326.9
2025-05-08T01:00:00,1252.84
2025-05-08T02:00:00,1214.9
2025-05-08T03:00:00,1193.9
2025-05-08T04:00:00,1222.86
2025-05-08T05:00:00,1245.87
2025-05-08T06:00:00,1298.9
2025-05-08T07:00:00,1326.87
2025-05-08T08:00:00,1231.41
2025-05-08T09:00:00,1164.04
2025-05-08T10:00:00,1130.35
2025-05-08T11:00:00,1164.16
2025-05-08T12:00:00,1206.7
2025-05-08T13:00:00,1319.9
2025-05-08T14:00:00,1433.9
2025-05-08T15:00:00,1540.83
2025-05-08T16:00:00,1666.9
2025-05-08T17:00:00,1817.9
2025-05-08T18:00:00,1905.87
2025-05-08T19:00:00,1929.18
2025-05-08T20:00:00,1873.91
2025-05-08T21:00:00,1795.18
2025-05-08T22:00:00,1708.09
2025-05-08T23:00:00,1572.87
2025-05-09T00:00:00,1454.9
2025-05-09T01:00:00,1401.86
2025-05-09T02:00:00,1313.9
2025-05-09T03:00:00,1278.88
2025-05-09T04:00:00,1245.86
2025-05-09T05:00:00,1260.9
2025-05-09T06:00:00,1304.9
2025-05-09T07:00:00,1282.87
2025-05-09T08:00:00,1273.46
2025-05-09T09:00:00,1255.53
2025-05-09T10:00:00,1266.46
2025-05-09T11:00:00,1349.01
2025-05-09T12:00:00,1421.82
2025-05-09T13:00:00,1592.9
2025-05-09T14:00:00,1725.86
2025-05-09T15:00:00,1858.86
2025-05-09T16:00:00,1977.9
2025-05-09T17:00:00,2090.9
2025-05-09T18:00:00,2159.13
2025-05-09T19:00:00,2152.97
2025-05-09T20:00:00,2067.54
2025-05-09T21:00:00,1965.94
2025-05-09T22:00:00,1847.97
2025-05-09T23:00:00,1726.87
2025-05-10T00:00:00,1615.9
2025-05-10T01:00:00,1529.84
2025-05-10T02:00:00,1455.9
2025-05-10T03:00:00,1395.9
2025-05-10T04:00:00,1367.9
2025-05-10T05:00:00,1364.84
2025-05-10T06:00:00,1368.9
2025-05-10T07:00:00,1359.87
2025-05-10T08:00:00,1348.47
2025-05-10T09:00:00,1363.59
2025-05-10T10:00:00,1387.49
2025-05-10T11:00:00,1438.59
2025-05-10T12:00:00,1507.81
2025-05-10T13:00:00,1593.9
2025-05-10T14:00:00,1698.83
2025-05-10T15:00:00,1808.9
2025-05-10T16:00:00,1930.9
2025-05-10T17:00:00,2050.9
2025-05-10T18:00:00,2163.07
2025-05-10T19:00:00,2155.98
2025-05-10T20:00:00,2067.88
2025-05-10T21:00:00,1971.15
2025-05-10T22:00:00,1854.06
2025-05-10T23:00:00,1729.87
2025-05-11T00:00:00,1599.9
2025-05-11T01:00:00,1511.83
2025-05-11T02:00:00,1448.9
2025-05-11T03:00:00,1386.9
2025-05-11T04:00:00,1361.9
2025-05-11T05:00:00,1352.84
2025-05-11T06:00:00,1348.9
2025-05-11T07:00:00,1330.48
2025-05-11T08:00:00,1364.64
2025-05-11T09:00:00,1396.94
2025-05-11T10:00:00,1472.18
2025-05-11T11:00:00,1544.85
2025-05-11T12:00:00,1675.9
2025-05-11T13:00:00,1830.81
2025-05-11T14:00:00,1972.9
2025-05-11T15:00:00,2058.93
2025-05-11T16:00:00,2145.81
2025-05-11T17:00:00,2178.9
2025-05-11T18:00:00,2202.9
2025-05-11T19:00:00,2201.9
2025-05-11T20:00:00,2113.13
2025-05-11T21:00:00,2023.65
2025-05-11T22:00:00,1892.99
2025-05-11T23:00:00,1746.07
2025-05-12T00:00:00,1616.09
2025-05-12T01:00:00,1524.87
2025-05-12T02:00:00,1446.9
2025-05-12T03:00:00,1387.84
2025-05-12T04:00:00,1368.88
2025-05-12T05:00:00,1384.9
2025-05-12T06:00:00,1425.9
2025-05-12T07:00:00,1454.88
2025-05-12T08:00:00,1462.34
2025-05-12T09:00:00,1565.61
2025-05-12T10:00:00,1598.43
2025-05-12T11:00:00,1707.42
2025-05-12T12:00:00,1776.71
2025-05-12T13:00:00,1925.9
2025-05-12T14:00:00,2018.01
2025-05-12T15:00:00,2064.26
2025-05-12T16:00:00,2130.3
2025-05-12T17:00:00,2222.73
2025-05-12T18:00:00,2236.68
2025-05-12T19:00:00,2166.75
2025-05-12T20:00:00,2091.03
2025-05-12T21:00:00,2026.22
2025-05-12T22:00:00,1890.6
2025-05-12T23:00:00,1732.21
2025-05-13T00:00:00,1602.19
2025-05-13T01:00:00,1502.26
2025-05-13T02:00:00,1430.3
2025-05-13T03:00:00,1384.3
2025-05-13T04:00:00,1363.24
2025-05-13T05:00:00,1384.3
2025-05-13T06:00:00,1433.3
2025-05-13T07:00:00,1477.13
2025-05-13T08:00:00,1454.04
2025-05-13T09:00:00,1426.71
2025-05-13T10:00:00,1385.49
2025-05-13T11:00:00,1408.46
2025-05-13T12:00:00,1417.78
2025-05-13T13:00:00,1413.13
2025-05-13T14:00:00,1538.87
2025-05-13T15:00:00,1628.06
2025-05-13T16:00:00,1745.29
2025-05-13T17:00:00,1816.42
2025-05-13T18:00:00,1892.92
2025-05-13T19:00:00,1878.14
2025-05-13T20:00:00,1852.53
2025-05-13T21:00:00,1794.83
2025-05-13T22:00:00,1703.71
2025-05-13T23:00:00,1564.46
2025-05-14T00:00:00,1456.27
2025-05-14T01:00:00,1381.3
2025-05-14T02:00:00,1329.39
2025-05-14T03:00:00,1289.4
2025-05-14T04:00:00,1283.35
2025-05-14T05:00:00,1293.39
2025-05-14T06:00:00,1333.4
2025-05-14T07:00:00,1346.45
2025-05-14T08:00:00,1292.39
2025-05-14T09:00:00,1221.54
2025-05-14T10:00:00,1168.48
2025-05-14T11:00:00,1165.66
2025-05-14T12:00:00,1185.41
2025-05-14T13:00:00,1228.18
2025-05-14T14:00:00,1263.98
2025-05-14T15:00:00,1244.67
2025-05-14T16:00:00,1236.86
2025-05-14T17:00:00,1431.33
2025-05-14T18:00:00,1634.51
2025-05-14T19:00:00,1703.55
2025-05-14T20:00:00,1701.73
2025-05-14T21:00:00,1685.49
2025-05-14T22:00:00,1610.81
2025-05-14T23:00:00,1499.58
2025-05-15T00:00:00,1394.6
2025-05-15T01:00:00,1327.54
2025-05-15T02:00:00,1263.61
2025-05-15T03:00:00,1222.62
2025-05-15T04:00:00,1223.62
2025-05-15T05:00:00,1250.64
2025-05-15T06:00:00,1287.69
2025-05-15T07:00:00,1296.09
2025-05-15T08:00:00,1243.44
2025-05-15T09:00:00,1173.22
2025-05-15T10:00:00,1127.65
2025-05-15T11:00:00,1114.21
2025-05-15T12:00:00,1152.71
2025-05-15T13:00:00,1226.96
2025-05-15T14:00:00,1318.97
2025-05-15T15:00:00,1416.85
2025-05-15T16:00:00,1541.93
2025-05-15T17:00:00,1697.33
2025-05-15T18:00:00,1831.62
2025-05-15T19:00:00,1878.12
2025-05-15T20:00:00,1833.45
2025-05-15T21:00:00,1767.68
2025-05-15T22:00:00,1647.5
2025-05-15T23:00:00,1521.55
2025-05-16T00:00:00,1434.56
2025-05-16T01:00:00,1355.58
2025-05-16T02:00:00,1311.55
2025-05-16T03:00:00,1273.46
2025-05-16T04:00:00,1263.6
2025-05-16T05:00:00,1279.54
2025-05-16T06:00:00,1302.59
2025-05-16T07:00:00,1306.51
2025-05-16T08:00:00,1270.23
2025-05-16T09:00:00,1215.41
2025-05-16T10:00:00,1201.11
2025-05-16T11:00:00,1223.42
2025-05-16T12:00:00,1270.88
2025-05-16T13:00:00,1381.38
2025-05-16T14:00:00,1522.09
2025-05-16T15:00:00,1651.99
2025-05-16T16:00:00,1793.08
2025-05-16T17:00:00,1951.05
2025-05-16T18:00:00,2053.64
2025-05-16T19:00:00,2059.13
2025-05-16T20:00:00,1964.67
2025-05-16T21:00:00,1864.56
2025-05-16T22:00:00,1760.17
2025-05-16T23:00:00,1621.88
2025-05-17T00:00:00,1490.9
2025-05-17T01:00:00,1419.86
2025-05-17T02:00:00,1359.91
2025-05-17T03:00:00,1317.91
2025-05-17T04:00:00,1284.85
2025-05-17T05:00:00,1269.91
2025-05-17T06:00:00,1271.94
2025-05-17T07:00:00,1270.88
2025-05-17T08:00:00,1246.44
2025-05-17T09:00:00,1224.67
2025-05-17T10:00:00,1232.24
2025-05-17T11:00:00,1265.66
2025-05-17T12:00:00,1317.7
2025-05-17T13:00:00,1405.76
2025-05-17T14:00:00,1527.88
2025-05-17T15:00:00,1601.9
2025-05-17T16:00:00,1695.84
2025-05-17T17:00:00,1823.91
2025-05-17T18:00:00,1895.93
2025-05-17T19:00:00,1872.1
2025-05-17T20:00:00,1816.23
2025-05-17T21:00:00,1762.98
2025-05-17T22:00:00,1679.7
2025-05-17T23:00:00,1563.89
2025-05-18T00:00:00,1472.92
2025-05-18T01:00:00,1387.87
2025-05-18T02:00:00,1321.98
2025-05-18T03:00:00,1289.0
2025-05-18T04:00:00,1265.94
2025-05-18T05:00:00,1255.99
2025-05-18T06:00:00,1254.0
2025-05-18T07:00:00,1223.92
2025-05-18T08:00:00,1158.4
2025-05-18T09:00:00,1140.46
2025-05-18T10:00:00,1127.49
2025-05-18T11:00:00,1149.75
2025-05-18T12:00:00,1195.86
2025-05-18T13:00:00,1261.87
2025-05-18T14:00:00,1343.8
2025-05-18T15:00:00,1445.41
2025-05-18T16:00:00,1565.82
2025-05-18T17:00:00,1692.87
2025-05-18T18:00:00,1798.16
2025-05-18T19:00:00,1837.77
2025-05-18T20:00:00,1796.24
2025-05-18T21:00:00,1748.99
2025-05-18T22:00:00,1648.42
2025-05-18T23:00:00,1528.9
2025-05-19T00:00:00,1409.84
2025-05-19T01:00:00,1330.88
2025-05-19T02:00:00,1284.9
2025-05-19T03:00:00,1259.85
2025-05-19T04:00:00,1251.91
2025-05-19T05:00:00,1269.92
2025-05-19T06:00:00,1300.96
2025-05-19T07:00:00,1331.63
2025-05-19T08:00:00,1289.28
2025-05-19T09:00:00,1236.82
2025-05-19T10:00:00,1210.4
2025-05-19T11:00:00,1234.61
2025-05-19T12:00:00,1286.15
2025-05-19T13:00:00,1347.45
2025-05-19T14:00:00,1429.02
2025-05-19T15:00:00,1537.46
2025-05-19T16:00:00,1650.15
2025-05-19T17:00:00,1782.41
2025-05-19T18:00:00,1893.83
2025-05-19T19:00:00,1941.45
2025-05-19T20:00:00,1894.34
2025-05-19T21:00:00,1819.0
2025-05-19T22:00:00,1710.14
2025-05-19T23:00:00,1560.75
2025-05-20T00:00:00,1439.08
2025-05-20T01:00:00,1359.05
2025-05-20T02:00:00,1305.15
2025-05-20T03:00:00,1260.17
2025-05-20T04:00:00,1225.42
2025-05-20T05:00:00,1232.57
2025-05-20T06:00:00,1271.49
2025-05-20T07:00:00,1301.69
2025-05-20T08:00:00,1261.51
2025-05-20T09:00:00,1225.75
2025-05-20T10:00:00,1232.69
2025-05-20T11:00:00,1235.9
2025-05-20T12:00:00,1310.11
2025-05-20T13:00:00,1416.93
2025-05-20T14:00:00,1555.91
2025-05-20T15:00:00,1695.21
2025-05-20T16:00:00,1838.77
2025-05-20T17:00:00,1995.63
2025-05-20T18:00:00,2116.5
2025-05-20T19:00:00,2109.42
2025-05-20T20:00:00,2018.4
2025-05-20T21:00:00,1905.15
2025-05-20T22:00:00,1782.45
2025-05-20T23:00:00,1624.66
2025-05-21T00:00:00,1471.75
2025-05-21T01:00:00,1366.86
2025-05-21T02:00:00,1300.93
2025-05-21T03:00:00,1272.97
2025-05-21T04:00:00,1246.09
2025-05-21T05:00:00,1257.34
2025-05-21T06:00:00,1269.4
2025-05-21T07:00:00,1280.82
2025-05-21T08:00:00,1229.1
2025-05-21T09:00:00,1198.34
2025-05-21T10:00:00,1223.67
2025-05-21T11:00:00,1314.24
2025-05-21T12:00:00,1444.68
2025-05-21T13:00:00,1603.97
2025-05-21T14:00:00,1761.63
2025-05-21T15:00:00,1933.36
2025-05-21T16:00:00,2085.85
2025-05-21T17:00:00,2226.29
2025-05-21T18:00:00,2329.0
2025-05-21T19:00:00,2319.89
2025-05-21T20:00:00,2184.25
2025-05-21T21:00:00,2024.68
2025-05-21T22:00:00,1869.39
2025-05-21T23:00:00,1695.47
2025-05-22T00:00:00,1532.32
2025-05-22T01:00:00,1408.47
2025-05-22T02:00:00,1313.5
2025-05-22T03:00:00,1258.47
2025-05-22T04:00:00,1234.47
2025-05-22T05:00:00,1229.5
2025-05-22T06:00:00,1259.35
2025-05-22T07:00:00,1278.44
2025-05-22T08:00:00,1279.77
2025-05-22T09:00:00,1304.75
2025-05-22T10:00:00,1375.42
2025-05-22T11:00:00,1503.82
2025-05-22T12:00:00,1658.01
2025-05-22T13:00:00,1854.1
2025-05-22T14:00:00,2028.26
2025-05-22T15:00:00,2178.84
2025-05-22T16:00:00,2336.83
2025-05-22T17:00:00,2452.67
2025-05-22T18:00:00,2538.86
2025-05-22T19:00:00,2519.07
2025-05-22T20:00:00,2364.9
2025-05-22T21:00:00,2209.78
2025-05-22T22:00:00,2043.77
2025-05-22T23:00:00,1849.07
2025-05-23T00:00:00,1688.09
2025-05-23T01:00:00,1554.05
2025-05-23T02:00:00,1459.16
2025-05-23T03:00:00,1393.16
2025-05-23T04:00:00,1341.1
2025-05-23T05:00:00,1335.15
2025-05-23T06:00:00,1343.81
2025-05-23T07:00:00,1371.45
2025-05-23T08:00:00,1394.73
2025-05-23T09:00:00,1416.8
2025-05-23T10:00:00,1481.39
2025-05-23T11:00:00,1594.71
2025-05-23T12:00:00,1729.7
2025-05-23T13:00:00,1869.13
2025-05-23T14:00:00,1989.98
2025-05-23T15:00:00,2118.59
2025-05-23T16:00:00,2247.9
2025-05-23T17:00:00,2356.33
2025-05-23T18:00:00,2428.68
2025-05-23T19:00:00,2418.4
2025-05-23T20:00:00,2282.73
2025-05-23T21:00:00,2135.71
2025-05-23T22:00:00,1971.62
2025-05-23T23:00:00,1796.71
2025-05-24T00:00:00,1633.33
2025-05-24T01:00:00,1524.39
2025-05-24T02:00:00,1439.41
2025-05-24T03:00:00,1373.41
2025-05-24T04:00:00,1322.35
2025-05-24T05:00:00,1304.44
2025-05-24T06:00:00,1299.43
2025-05-24T07:00:00,1289.35
2025-05-24T08:00:00,1302.93
2025-05-24T09:00:00,1352.99
2025-05-24T10:00:00,1421.72
2025-05-24T11:00:00,1479.42
2025-05-24T12:00:00,1552.79
2025-05-24T13:00:00,1655.01
2025-05-24T14:00:00,1775.02
2025-05-24T15:00:00,1883.05
2025-05-24T16:00:00,2017.02
2025-05-24T17:00:00,2175.1
2025-05-24T18:00:00,2221.45
2025-05-24T19:00:00,2150.85
2025-05-24T20:00:00,2068.09
2025-05-24T21:00:00,1964.92
2025-05-24T22:00:00,1842.12
2025-05-24T23:00:00,1711.33
2025-05-25T00:00:00,1578.4
2025-05-25T01:00:00,1475.37
2025-05-25T02:00:00,1396.41
2025-05-25T03:00:00,1334.41
2025-05-25T04:00:00,1295.39
2025-05-25T05:00:00,1278.41
2025-05-25T06:00:00,1273.46
2025-05-25T07:00:00,1230.37
2025-05-25T08:00:00,1213.9
2025-05-25T09:00:00,1225.9
2025-05-25T10:00:00,1260.76
2025-05-25T11:00:00,1338.88
2025-05-25T12:00:00,1419.13
2025-05-25T13:00:00,1542.14
2025-05-25T14:00:00,1664.02
2025-05-25T15:00:00,1788.08
2025-05-25T16:00:00,1936.11
2025-05-25T17:00:00,2063.07
2025-05-25T18:00:00,2165.13
2025-05-25T19:00:00,2165.95
2025-05-25T20:00:00,2054.66
2025-05-25T21:00:00,1945.03
2025-05-25T22:00:00,1817.64
2025-05-25T23:00:00,1674.42
2025-05-26T00:00:00,1550.34
2025-05-26T01:00:00,1451.42
2025-05-26T02:00:00,1381.49
2025-05-26T03:00:00,1325.5
2025-05-26T04:00:00,1289.44
2025-05-26T05:00:00,1266.5
2025-05-26T06:00:00,1274.5
2025-05-26T07:00:00,1259.43
2025-05-26T08:00:00,1233.94
2025-05-26T09:00:00,1233.9
2025-05-26T10:00:00,1286.74
2025-05-26T11:00:00,1382.6
2025-05-26T12:00:00,1492.14
2025-05-26T13:00:00,1638.07
2025-05-26T14:00:00,1773.1
2025-05-26T15:00:00,1901.1
2025-05-26T16:00:00,2032.08
2025-05-26T17:00:00,2177.99
2025-05-26T18:00:00,2286.1
2025-05-26T19:00:00,2284.09
2025-05-26T20:00:00,2168.63
2025-05-26T21:00:00,2052.88
2025-05-26T22:00:00,1902.71
2025-05-26T23:00:00,1728.35
2025-05-27T00:00:00,1587.4
2025-05-27T01:00:00,1476.41
2025-05-27T02:00:00,1396.41
2025-05-27T03:00:00,1337.4
2025-05-27T04:00:00,1301.46
2025-05-27T05:00:00,1289.48
2025-05-27T06:00:00,1331.42
2025-05-27T07:00:00,1336.26
2025-05-27T08:00:00,1332.23
2025-05-27T09:00:00,1379.93
2025-05-27T10:00:00,1405.22
2025-05-27T11:00:00,1507.04
2025-05-27T12:00:00,1654.91
2025-05-27T13:00:00,1784.4
2025-05-27T14:00:00,1935.59
2025-05-27T15:00:00,2058.11
2025-05-27T16:00:00,2162.74
2025-05-27T17:00:00,2210.14
2025-05-27T18:00:00,2299.86
2025-05-27T19:00:00,2274.88
2025-05-27T20:00:00,2161.82
2025-05-27T21:00:00,2016.66
2025-05-27T22:00:00,1861.23
2025-05-27T23:00:00,1694.56
2025-05-28T00:00:00,1539.85
2025-05-28T01:00:00,1445.92
2025-05-28T02:00:00,1370.03
2025-05-28T03:00:00,1302.02
2025-05-28T04:00:00,1282.02
2025-05-28T05:00:00,1286.04
2025-05-28T06:00:00,1308.12
2025-05-28T07:00:00,1319.52
2025-05-28T08:00:00,1316.96
2025-05-28T09:00:00,1339.2
2025-05-28T10:00:00,1392.28
2025-05-28T11:00:00,1506.81
2025-05-28T12:00:00,1647.17
2025-05-28T13:00:00,1806.31
2025-05-28T14:00:00,1959.0
2025-05-28T15:00:00,2117.33
2025-05-28T16:00:00,2288.48
2025-05-28T17:00:00,2412.91
2025-05-28T18:00:00,2426.07
2025-05-28T19:00:00,2357.35
2025-05-28T20:00:00,2265.77
2025-05-28T21:00:00,2161.54
2025-05-28T22:00:00,2013.24
2025-05-28T23:00:00,1817.18
2025-05-29T00:00:00,1638.96
2025-05-29T01:00:00,1544.29
2025-05-29T02:00:00,1472.38
2025-05-29T03:00:00,1415.36
2025-05-29T04:00:00,1365.4
2025-05-29T05:00:00,1361.43
2025-05-29T06:00:00,1376.61
2025-05-29T07:00:00,1395.15
2025-05-29T08:00:00,1421.57
2025-05-29T09:00:00,1425.75
2025-05-29T10:00:00,1479.95
2025-05-29T11:00:00,1594.83
2025-05-29T12:00:00,1716.06
2025-05-29T13:00:00,1868.18
2025-05-29T14:00:00,1996.15
2025-05-29T15:00:00,2097.01
2025-05-29T16:00:00,2137.59
2025-05-29T17:00:00,2171.61
2025-05-29T18:00:00,2167.56
2025-05-29T19:00:00,2195.21
2025-05-29T20:00:00,2136.59
2025-05-29T21:00:00,2040.39
2025-05-29T22:00:00,1887.66
2025-05-29T23:00:00,1731.37
2025-05-30T00:00:00,1568.05
2025-05-30T01:00:00,1447.37
2025-05-30T02:00:00,1383.41
2025-05-30T03:00:00,1355.45
2025-05-30T04:00:00,1309.48
2025-05-30T05:00:00,1318.73
2025-05-30T06:00:00,1339.06
2025-05-30T07:00:00,1351.11
2025-05-30T08:00:00,1361.48
2025-05-30T09:00:00,1410.21
2025-05-30T10:00:00,1438.6
2025-05-30T11:00:00,1541.04
2025-05-30T12:00:00,1666.11
2025-05-30T13:00:00,1837.15
2025-05-30T14:00:00,2002.37
2025-05-30T15:00:00,2180.54
2025-05-30T16:00:00,2326.82
2025-05-30T17:00:00,2439.68
2025-05-30T18:00:00,2531.44
2025-05-30T19:00:00,2485.72
2025-05-30T20:00:00,2370.81
2025-05-30T21:00:00,2249.72
2025-05-30T22:00:00,2099.81
2025-05-30T23:00:00,1944.3
2025-05-31T00:00:00,1793.81
2025-05-31T01:00:00,1672.25
2025-05-31T02:00:00,1571.34
2025-05-31T03:00:00,1509.33
2025-05-31T04:00:00,1451.38
2025-05-31T05:00:00,1424.38
2025-05-31T06:00:00,1417.36
2025-05-31T07:00:00,1413.31
2025-05-31T08:00:00,1444.76
2025-05-31T09:00:00,1526.81
2025-05-31T10:00:00,1586.66
2025-05-31T11:00:00,1683.14
2025-05-31T12:00:00,1770.52
2025-05-31T13:00:00,1881.07
2025-05-31T14:00:00,2044.97
2025-05-31T15:00:00,2137.3
2025-05-31T16:00:00,2270.54
2025-05-31T17:00:00,2422.61
2025-05-31T18:00:00,2495.6
2025-05-31T19:00:00,2474.04
2025-05-31T20:00:00,2368.18
2025-05-31T21:00:00,2258.23
2025-05-31T22:00:00,2132.26
2025-05-31T23:00:00,1986.22
2025-06-01T00:00:00,1858.3
2025-06-01T01:00:00,1734.3
2025-06-01T02:00:00,1647.26
2025-06-01T03:00:00,1568.34
2025-06-01T04:00:00,1513.34
2025-06-01T05:00:00,1471.38
2025-06-01T06:00:00,1474.29
2025-06-01T07:00:00,1469.33
2025-06-01T08:00:00,1494.94
2025-06-01T09:00:00,1513.53
2025-06-01T10:00:00,1528.59
2025-06-01T11:00:00,1581.94
2025-06-01T12:00:00,1599.97
2025-06-01T13:00:00,1761.07
2025-06-01T14:00:00,1956.1
2025-06-01T15:00:00,1918.16
2025-06-01T16:00:00,1912.61
2025-06-01T17:00:00,1840.9
2025-06-01T18:00:00,1796.24
2025-06-01T19:00:00,1742.31
2025-06-01T20:00:00,1692.45
2025-06-01T21:00:00,1613.42
2025-06-01T22:00:00,1561.48
2025-06-01T23:00:00,1473.5
2025-06-02T00:00:00,1384.49
2025-06-02T01:00:00,1311.17
2025-06-02T02:00:00,1256.46
2025-06-02T03:00:00,1231.48
2025-06-02T04:00:00,1214.43
2025-06-02T05:00:00,1230.43
2025-06-02T06:00:00,1274.45
2025-06-02T07:00:00,1303.58
2025-06-02T08:00:00,1306.95
2025-06-02T09:00:00,1296.31
2025-06-02T10:00:00,1313.54
2025-06-02T11:00:00,1336.9
2025-06-02T12:00:00,1413.26
2025-06-02T13:00:00,1482.07
2025-06-02T14:00:00,1571.76
2025-06-02T15:00:00,1696.25
2025-06-02T16:00:00,1768.8
2025-06-02T17:00:00,1872.67
2025-06-02T18:00:00,1979.75
2025-06-02T19:00:00,2009.97
2025-06-02T20:00:00,1956.88
2025-06-02T21:00:00,1887.19
2025-06-02T22:00:00,1777.88
2025-06-02T23:00:00,1652.99
2025-06-03T00:00:00,1540.02
2025-06-03T01:00:00,1445.43
2025-06-03T02:00:00,1377.47
2025-06-03T03:00:00,1343.42
2025-06-03T04:00:00,1303.48
2025-06-03T05:00:00,1303.47
2025-06-03T06:00:00,1333.46
2025-06-03T07:00:00,1367.48
2025-06-03T08:00:00,1344.33
2025-06-03T09:00:00,1360.25
2025-06-03T10:00:00,1380.43
2025-06-03T11:00:00,1448.59
2025-06-03T12:00:00,1563.97
2025-06-03T13:00:00,1715.89
2025-06-03T14:00:00,1855.74
2025-06-03T15:00:00,1976.86
2025-06-03T16:00:00,2079.89
2025-06-03T17:00:00,2203.51
2025-06-03T18:00:00,2290.3
2025-06-03T19:00:00,2304.79
2025-06-03T20:00:00,2239.58
2025-06-03T21:00:00,2159.02
2025-06-03T22:00:00,2036.86
2025-06-03T23:00:00,1851.82
2025-06-04T00:00:00,1694.86
2025-06-04T01:00:00,1572.83
2025-06-04T02:00:00,1516.88
2025-06-04T03:00:00,1460.88
2025-06-04T04:00:00,1424.84
2025-06-04T05:00:00,1420.84
2025-06-04T06:00:00,1428.88
2025-06-04T07:00:00,1453.85
2025-06-04T08:00:00,1463.84
2025-06-04T09:00:00,1467.92
2025-06-04T10:00:00,1502.82
2025-06-04T11:00:00,1577.86
2025-06-04T12:00:00,1667.42
2025-06-04T13:00:00,1778.87
2025-06-04T14:00:00,1858.86
2025-06-04T15:00:00,1983.82
2025-06-04T16:00:00,2062.87
2025-06-04T17:00:00,2167.76
2025-06-04T18:00:00,2241.75
2025-06-04T19:00:00,2237.88
2025-06-04T20:00:00,2162.46
2025-06-04T21:00:00,2068.04
2025-06-04T22:00:00,1936.47
2025-06-04T23:00:00,1790.87
2025-06-05T00:00:00,1664.81
2025-06-05T01:00:00,1558.83
2025-06-05T02:00:00,1481.88
2025-06-05T03:00:00,1412.88
2025-06-05T04:00:00,1389.84
2025-06-05T05:00:00,1390.85
2025-06-05T06:00:00,1414.88
2025-06-05T07:00:00,1451.85
2025-06-05T08:00:00,1464.85
2025-06-05T09:00:00,1479.87
2025-06-05T10:00:00,1544.49
2025-06-05T11:00:00,1614.38
2025-06-05T12:00:00,1729.56
2025-06-05T13:00:00,1848.81
2025-06-05T14:00:00,1973.8
2025-06-05T15:00:00,2101.87
2025-06-05T16:00:00,2207.9
2025-06-05T17:00:00,2323.9
2025-06-05T18:00:00,2440.81
2025-06-05T19:00:00,2437.89
2025-06-05T20:00:00,2324.9
2025-06-05T21:00:00,2197.89
2025-06-05T22:00:00,2031.89
2025-06-05T23:00:00,1834.9
2025-06-06T00:00:00,1673.9
2025-06-06T01:00:00,1525.9
2025-06-06T02:00:00,1417.83
2025-06-06T03:00:00,1373.9
2025-06-06T04:00:00,1343.9
2025-06-06T05:00:00,1350.89
2025-06-06T06:00:00,1374.83
2025-06-06T07:00:00,1388.87
2025-06-06T08:00:00,1384.88
2025-06-06T09:00:00,1416.64
2025-06-06T10:00:00,1472.92
2025-06-06T11:00:00,1586.78
2025-06-06T12:00:00,1730.6
2025-06-06T13:00:00,1872.51
2025-06-06T14:00:00,2020.68
2025-06-06T15:00:00,2170.09
2025-06-06T16:00:00,2300.57
2025-06-06T17:00:00,2420.59
2025-06-06T18:00:00,2510.59
2025-06-06T19:00:00,2500.53
2025-06-06T20:00:00,2377.99
2025-06-06T21:00:00,2247.26
2025-06-06T22:00:00,2090.9
2025-06-06T23:00:00,1911.89
2025-06-07T00:00:00,1766.88
2025-06-07T01:00:00,1622.9
2025-06-07T02:00:00,1522.99
2025-06-07T03:00:00,1446.99
2025-06-07T04:00:00,1398.0
2025-06-07T05:00:00,1378.95
2025-06-07T06:00:00,1360.91
2025-06-07T07:00:00,1348.94
2025-06-07T08:00:00,1353.48
2025-06-07T09:00:00,1398.54
2025-06-07T10:00:00,1487.2
2025-06-07T11:00:00,1632.23
2025-06-07T12:00:00,1779.52
2025-06-07T13:00:00,1946.58
2025-06-07T14:00:00,2113.42
2025-06-07T15:00:00,2259.68
2025-06-07T16:00:00,2408.92
2025-06-07T17:00:00,2547.76
2025-06-07T18:00:00,2640.83
2025-06-07T19:00:00,2611.36
2025-06-07T20:00:00,2459.18
2025-06-07T21:00:00,2297.43
2025-06-07T22:00:00,2108.24
2025-06-07T23:00:00,1924.47
2025-06-08T00:00:00,1779.74
2025-06-08T01:00:00,1652.67
2025-06-08T02:00:00,1552.11
2025-06-08T03:00:00,1470.15
2025-06-08T04:00:00,1416.16
2025-06-08T05:00:00,1370.14
2025-06-08T06:00:00,1343.2
2025-06-08T07:00:00,1331.09
2025-06-08T08:00:00,1323.63
2025-06-08T09:00:00,1385.59
2025-06-08T10:00:00,1507.04
2025-06-08T11:00:00,1660.57
2025-06-08T12:00:00,1836.45
2025-06-08T13:00:00,2013.4
2025-06-08T14:00:00,2156.68
2025-06-08T15:00:00,2276.8
2025-06-08T16:00:00,2424.23
2025-06-08T17:00:00,2578.08
2025-06-08T18:00:00,2655.18
2025-06-08T19:00:00,2627.87
2025-06-08T20:00:00,2471.86
2025-06-08T21:00:00,2286.07
2025-06-08T22:00:00,2112.53
2025-06-08T23:00:00,1890.67
2025-06-09T00:00:00,1746.44
2025-06-09T01:00:00,1642.66
2025-06-09T02:00:00,1526.7
2025-06-09T03:00:00,1460.65
2025-06-09T04:00:00,1423.53
2025-06-09T05:00:00,1409.57
2025-06-09T06:00:00,1435.57
2025-06-09T07:00:00,1464.46
2025-06-09T08:00:00,1477.95
2025-06-09T09:00:00,1537.9
2025-06-09T10:00:00,1620.91
2025-06-09T11:00:00,1746.25
2025-06-09T12:00:00,1932.56
2025-06-09T13:00:00,2121.86
2025-06-09T14:00:00,2278.46
2025-06-09T15:00:00,2431.02
2025-06-09T16:00:00,2569.33
2025-06-09T17:00:00,2684.78
2025-06-09T18:00:00,2767.15
2025-06-09T19:00:00,2758.84
2025-06-09T20:00:00,2602.23
2025-06-09T21:00:00,2427.92
2025-06-09T22:00:00,2239.97
2025-06-09T23:00:00,2038.02
2025-06-10T00:00:00,1868.96
2025-06-10T01:00:00,1714.05
2025-06-10T02:00:00,1612.05
2025-06-10T03:00:00,1548.06
2025-06-10T04:00:00,1495.04
2025-06-10T05:00:00,1486.21
2025-06-10T06:00:00,1499.78
2025-06-10T07:00:00,1517.96
2025-06-10T08:00:00,1557.73
2025-06-10T09:00:00,1624.41
2025-06-10T10:00:00,1707.91
2025-06-10T11:00:00,1810.96
2025-06-10T12:00:00,1936.3
2025-06-10T13:00:00,2124.95
2025-06-10T14:00:00,2276.65
2025-06-10T15:00:00,2440.16
2025-06-10T16:00:00,2584.46
2025-06-10T17:00:00,2698.54
2025-06-10T18:00:00,2788.87
2025-06-10T19:00:00,2764.22
2025-06-10T20:00:00,2648.7
2025-06-10T21:00:00,2496.8
2025-06-10T22:00:00,2282.82
2025-06-10T23:00:00,2089.87
2025-06-11T00:00:00,1919.9
2025-06-11T01:00:00,1776.92
2025-06-11T02:00:00,1683.01
2025-06-11T03:00:00,1597.36
2025-06-11T04:00:00,1533.38
2025-06-11T05:00:00,1497.54
2025-06-11T06:00:00,1486.56
2025-06-11T07:00:00,1520.36
2025-06-11T08:00:00,1562.1
2025-06-11T09:00:00,1605.27
2025-06-11T10:00:00,1713.55
2025-06-11T11:00:00,1852.92
2025-06-11T12:00:00,2004.85
2025-06-11T13:00:00,2174.56
2025-06-11T14:00:00,2303.08
2025-06-11T15:00:00,2420.07
2025-06-11T16:00:00,2567.53
2025-06-11T17:00:00,2675.11
2025-06-11T18:00:00,2750.85
2025-06-11T19:00:00,2731.62
2025-06-11T20:00:00,2622.43
2025-06-11T21:00:00,2499.31
2025-06-11T22:00:00,2329.92
2025-06-11T23:00:00,2149.16
2025-06-12T00:00:00,1963.18
2025-06-12T01:00:00,1811.31
2025-06-12T02:00:00,1698.36
2025-06-12T03:00:00,1588.38
2025-06-12T04:00:00,1534.34
2025-06-12T05:00:00,1522.38
2025-06-12T06:00:00,1524.38
2025-06-12T07:00:00,1559.87
2025-06-12T08:00:00,1611.86
2025-06-12T09:00:00,1682.85
2025-06-12T10:00:00,1778.89
2025-06-12T11:00:00,1910.04
2025-06-12T12:00:00,2070.88
2025-06-12T13:00:00,2233.3
2025-06-12T14:00:00,2422.68
2025-06-12T15:00:00,2568.84
2025-06-12T16:00:00,2711.11
2025-06-12T17:00:00,2815.45
2025-06-12T18:00:00,2886.94
2025-06-12T19:00:00,2836.16
2025-06-12T20:00:00,2726.37
2025-06-12T21:00:00,2590.23
2025-06-12T22:00:00,2424.66
2025-06-12T23:00:00,2179.66
2025-06-13T00:00:00,1996.16
2025-06-13T01:00:00,1841.27
2025-06-13T02:00:00,1724.29
2025-06-13T03:00:00,1629.32
2025-06-13T04:00:00,1575.43
2025-06-13T05:00:00,1545.48
2025-06-13T06:00:00,1547.47
2025-06-13T07:00:00,1576.99
2025-06-13T08:00:00,1635.03
2025-06-13T09:00:00,1704.85
2025-06-13T10:00:00,1789.71
2025-06-13T11:00:00,1928.3
2025-06-13T12:00:00,2067.66
2025-06-13T13:00:00,2240.98
2025-06-13T14:00:00,2400.06
2025-06-13T15:00:00,2554.71
2025-06-13T16:00:00,2666.04
2025-06-13T17:00:00,2774.94
2025-06-13T18:00:00,2842.65
2025-06-13T19:00:00,2803.0
2025-06-13T20:00:00,2657.06
2025-06-13T21:00:00,2474.68
2025-06-13T22:00:00,2259.49
2025-06-13T23:00:00,2064.44
2025-06-14T00:00:00,1892.55
2025-06-14T01:00:00,1758.54
2025-06-14T02:00:00,1648.6
2025-06-14T03:00:00,1551.6
2025-06-14T04:00:00,1478.6
2025-06-14T05:00:00,1446.53
2025-06-14T06:00:00,1432.6
2025-06-14T07:00:00,1437.05
2025-06-14T08:00:00,1467.05
2025-06-14T09:00:00,1543.94
2025-06-14T10:00:00,1674.29
2025-06-14T11:00:00,1820.51
2025-06-14T12:00:00,2020.45
2025-06-14T13:00:00,2203.98
2025-06-14T14:00:00,2366.85
2025-06-14T15:00:00,2537.96
2025-06-14T16:00:00,2710.05
2025-06-14T17:00:00,2826.07
2025-06-14T18:00:00,2933.34
2025-06-14T19:00:00,2904.8
2025-06-14T20:00:00,2751.42
2025-06-14T21:00:00,2569.19
2025-06-14T22:00:00,2362.96
2025-06-14T23:00:00,2135.48
2025-06-15T00:00:00,1938.51
2025-06-15T01:00:00,1809.48
2025-06-15T02:00:00,1695.59
2025-06-15T03:00:00,1602.6
2025-06-15T04:00:00,1529.6
2025-06-15T05:00:00,1480.53
2025-06-15T06:00:00,1458.6
2025-06-15T07:00:00,1459.07
2025-06-15T08:00:00,1510.15
2025-06-15T09:00:00,1627.68
2025-06-15T10:00:00,1775.05
2025-06-15T11:00:00,1986.53
2025-06-15T12:00:00,2213.9
2025-06-15T13:00:00,2452.83
2025-06-15T14:00:00,2632.86
2025-06-15T15:00:00,2796.87
2025-06-15T16:00:00,2932.9
2025-06-15T17:00:00,3048.82
2025-06-15T18:00:00,3107.68
2025-06-15T19:00:00,3058.96
2025-06-15T20:00:00,2865.07
2025-06-15T21:00:00,2674.67
2025-06-15T22:00:00,2462.42
2025-06-15T23:00:00,2229.49
2025-06-16T00:00:00,2058.45
2025-06-16T01:00:00,1894.55
2025-06-16T02:00:00,1759.58
2025-06-16T03:00:00,1646.59
2025-06-16T04:00:00,1592.55
2025-06-16T05:00:00,1564.62
2025-06-16T06:00:00,1551.63
2025-06-16T07:00:00,1596.1
2025-06-16T08:00:00,1647.09
2025-06-16T09:00:00,1746.76
2025-06-16T10:00:00,1893.11
2025-06-16T11:00:00,2080.45
2025-06-16T12:00:00,2273.85
2025-06-16T13:00:00,2487.38
2025-06-16T14:00:00,2687.58
2025-06-16T15:00:00,2857.37
2025-06-16T16:00:00,2952.33
2025-06-16T17:00:00,3051.51
2025-06-16T18:00:00,3142.85
2025-06-16T19:00:00,3123.73
2025-06-16T20:00:00,2974.53
2025-06-16T21:00:00,2783.09
2025-06-16T22:00:00,2571.11
2025-06-16T23:00:00,2319.17
2025-06-17T00:00:00,2128.15
2025-06-17T01:00:00,1978.57
2025-06-17T02:00:00,1838.95
2025-06-17T03:00:00,1716.31
2025-06-17T04:00:00,1640.16
2025-06-17T05:00:00,1593.27
2025-06-17T06:00:00,1573.24
2025-06-17T07:00:00,1612.94
2025-06-17T08:00:00,1671.98
2025-06-17T09:00:00,1751.45
2025-06-17T10:00:00,1884.74
2025-06-17T11:00:00,2021.13
2025-06-17T12:00:00,2186.66
2025-06-17T13:00:00,2391.65
2025-06-17T14:00:00,2575.88
2025-06-17T15:00:00,2741.0
2025-06-17T16:00:00,2809.94
2025-06-17T17:00:00,2963.21
2025-06-17T18:00:00,3044.6
2025-06-17T19:00:00,3037.28
2025-06-17T20:00:00,2872.32
2025-06-17T21:00:00,2683.45
2025-06-17T22:00:00,2463.46
2025-06-17T23:00:00,2229.5
2025-06-18T00:00:00,2015.45
2025-06-18T01:00:00,1845.5
2025-06-18T02:00:00,1711.54
2025-06-18T03:00:00,1625.58
2025-06-18T04:00:00,1546.53
2025-06-18T05:00:00,1523.6
2025-06-18T06:00:00,1517.6
2025-06-18T07:00:00,1547.06
2025-06-18T08:00:00,1589.4
2025-06-18T09:00:00,1670.38
2025-06-18T10:00:00,1797.28
2025-06-18T11:00:00,1965.57
2025-06-18T12:00:00,2155.08
2025-06-18T13:00:00,2353.02
2025-06-18T14:00:00,2533.13
2025-06-18T15:00:00,2691.16
2025-06-18T16:00:00,2827.05
2025-06-18T17:00:00,2961.12
2025-06-18T18:00:00,3034.17
2025-06-18T19:00:00,3021.21
2025-06-18T20:00:00,2848.36
2025-06-18T21:00:00,2613.45
2025-06-18T22:00:00,2386.76
2025-06-18T23:00:00,2165.91
2025-06-19T00:00:00,1987.87
2025-06-19T01:00:00,1824.54
2025-06-19T02:00:00,1689.7
2025-06-19T03:00:00,1597.8
2025-06-19T04:00:00,1530.75
2025-06-19T05:00:00,1502.79
2025-06-19T06:00:00,1509.9
2025-06-19T07:00:00,1538.8
2025-06-19T08:00:00,1607.44
2025-06-19T09:00:00,1713.35
2025-06-19T10:00:00,1882.2
2025-06-19T11:00:00,2104.93
2025-06-19T12:00:00,2367.86
2025-06-19T13:00:00,2624.79
2025-06-19T14:00:00,2825.76
2025-06-19T15:00:00,3000.97
2025-06-19T16:00:00,3115.97
2025-06-19T17:00:00,3197.54
2025-06-19T18:00:00,3278.01
2025-06-19T19:00:00,3249.12
2025-06-19T20:00:00,3097.26
2025-06-19T21:00:00,2879.34
2025-06-19T22:00:00,2642.41
2025-06-19T23:00:00,2378.36
2025-06-20T00:00:00,2131.51
2025-06-20T01:00:00,1948.53
2025-06-20T02:00:00,1833.48
2025-06-20T03:00:00,1739.51
2025-06-20T04:00:00,1672.53
2025-06-20T05:00:00,1637.52
2025-06-20T06:00:00,1614.47
2025-06-20T07:00:00,1650.44
2025-06-20T08:00:00,1728.39
2025-06-20T09:00:00,1828.18
2025-06-20T10:00:00,1953.08
2025-06-20T11:00:00,2126.96
2025-06-20T12:00:00,2265.32
2025-06-20T13:00:00,2401.08
2025-06-20T14:00:00,2550.13
2025-06-20T15:00:00,2689.78
2025-06-20T16:00:00,2810.03
2025-06-20T17:00:00,2886.65
2025-06-20T18:00:00,2951.86
2025-06-20T19:00:00,2901.13
2025-06-20T20:00:00,2739.32
2025-06-20T21:00:00,2602.95
2025-06-20T22:00:00,2415.38
2025-06-20T23:00:00,2196.4
2025-06-21T00:00:00,2004.9
2025-06-21T01:00:00,1865.92
2025-06-21T02:00:00,1769.77
2025-06-21T03:00:00,1679.27
2025-06-21T04:00:00,1619.01
2025-06-21T05:00:00,1600.84
2025-06-21T06:00:00,1612.39
2025-06-21T07:00:00,1645.47
2025-06-21T08:00:00,1694.83
2025-06-21T09:00:00,1755.2
2025-06-21T10:00:00,1833.27
2025-06-21T11:00:00,1948.1
2025-06-21T12:00:00,2046.51
2025-06-21T13:00:00,2139.87
2025-06-21T14:00:00,2237.68
2025-06-21T15:00:00,2339.07
2025-06-21T16:00:00,2452.22
2025-06-21T17:00:00,2566.57
2025-06-21T18:00:00,2653.07
2025-06-21T19:00:00,2629.01
2025-06-21T20:00:00,2499.02
2025-06-21T21:00:00,2389.53
2025-06-21T22:00:00,2246.75
2025-06-21T23:00:00,2088.75
2025-06-22T00:00:00,1950.56
2025-06-22T01:00:00,1807.68
2025-06-22T02:00:00,1706.48
2025-06-22T03:00:00,1615.45
2025-06-22T04:00:00,1547.55
2025-06-22T05:00:00,1506.57
2025-06-22T06:00:00,1480.56
2025-06-22T07:00:00,1476.28
2025-06-22T08:00:00,1492.33
2025-06-22T09:00:00,1501.84
2025-06-22T10:00:00,1554.5
2025-06-22T11:00:00,1653.73
2025-06-22T12:00:00,1787.76
2025-06-22T13:00:00,1926.73
2025-06-22T14:00:00,2070.6
2025-06-22T15:00:00,2220.59
2025-06-22T16:00:00,2324.64
2025-06-22T17:00:00,2455.93
2025-06-22T18:00:00,2579.72
2025-06-22T19:00:00,2573.19
2025-06-22T20:00:00,2438.58
2025-06-22T21:00:00,2332.22
2025-06-22T22:00:00,2166.0
2025-06-22T23:00:00,1978.95
2025-06-23T00:00:00,1824.02
2025-06-23T01:00:00,1676.06
2025-06-23T02:00:00,1576.02
2025-06-23T03:00:00,1522.08
2025-06-23T04:00:00,1481.1
2025-06-23T05:00:00,1473.07
2025-06-23T06:00:00,1485.06
2025-06-23T07:00:00,1534.84
2025-06-23T08:00:00,1570.77
2025-06-23T09:00:00,1617.0
2025-06-23T10:00:00,1693.73
2025-06-23T11:00:00,1770.78
2025-06-23T12:00:00,1867.8
2025-06-23T13:00:00,2000.8
2025-06-23T14:00:00,2123.73
2025-06-23T15:00:00,2269.8
2025-06-23T16:00:00,2408.8
2025-06-23T17:00:00,2534.68
2025-06-23T18:00:00,2634.5
2025-06-23T19:00:00,2631.49
2025-06-23T20:00:00,2534.59
2025-06-23T21:00:00,2382.01
2025-06-23T22:00:00,2224.79
2025-06-23T23:00:00,2015.75
2025-06-24T00:00:00,1863.77
2025-06-24T01:00:00,1730.79
2025-06-24T02:00:00,1633.8
2025-06-24T03:00:00,1552.74
2025-06-24T04:00:00,1514.82
2025-06-24T05:00:00,1497.57
2025-06-24T06:00:00,1508.8
2025-06-24T07:00:00,1556.65
2025-06-24T08:00:00,1613.49
2025-06-24T09:00:00,1654.17
2025-06-24T10:00:00,1777.08
2025-06-24T11:00:00,1905.76
2025-06-24T12:00:00,2030.62
2025-06-24T13:00:00,2166.37
2025-06-24T14:00:00,2208.0
2025-06-24T15:00:00,2306.99
2025-06-24T16:00:00,2390.82
2025-06-24T17:00:00,2506.62
2025-06-24T18:00:00,2567.52
2025-06-24T19:00:00,2550.55
2025-06-24T20:00:00,2439.82
2025-06-24T21:00:00,2340.68
2025-06-24T22:00:00,2189.35
2025-06-24T23:00:00,2016.41
2025-06-25T00:00:00,1850.43
2025-06-25T01:00:00,1706.43
2025-06-25T02:00:00,1615.46
2025-06-25T03:00:00,1553.48
2025-06-25T04:00:00,1500.48
2025-06-25T05:00:00,1489.41
2025-06-25T06:00:00,1493.47
2025-06-25T07:00:00,1530.17
2025-06-25T08:00:00,1574.12
2025-06-25T09:00:00,1628.45
2025-06-25T10:00:00,1722.2
2025-06-25T11:00:00,1855.12
2025-06-25T12:00:00,1987.04
2025-06-25T13:00:00,2122.6
2025-06-25T14:00:00,2287.78
2025-06-25T15:00:00,2392.73
2025-06-25T16:00:00,2524.64
2025-06-25T17:00:00,2638.01
2025-06-25T18:00:00,2708.44
2025-06-25T19:00:00,2683.23
2025-06-25T20:00:00,2541.92
2025-06-25T21:00:00,2382.7
2025-06-25T22:00:00,2206.25
2025-06-25T23:00:00,2011.45
2025-06-26T00:00:00,1834.18
2025-06-26T01:00:00,1710.9
2025-06-26T02:00:00,1608.91
2025-06-26T03:00:00,1540.78
2025-06-26T04:00:00,1479.69
2025-06-26T05:00:00,1457.08
2025-06-26T06:00:00,1479.96
2025-06-26T07:00:00,1498.54
2025-06-26T08:00:00,1524.65
2025-06-26T09:00:00,1549.36
2025-06-26T10:00:00,1614.42
2025-06-26T11:00:00,1745.68
2025-06-26T12:00:00,1897.98
2025-06-26T13:00:00,2057.16
2025-06-26T14:00:00,2206.0
2025-06-26T15:00:00,2341.06
2025-06-26T16:00:00,2443.82
2025-06-26T17:00:00,2568.04
2025-06-26T18:00:00,2686.62
2025-06-26T19:00:00,2660.33
2025-06-26T20:00:00,2554.49
2025-06-26T21:00:00,2401.08
2025-06-26T22:00:00,2225.96
2025-06-26T23:00:00,2048.53
2025-06-27T00:00:00,1873.5
2025-06-27T01:00:00,1758.6
2025-06-27T02:00:00,1668.6
2025-06-27T03:00:00,1583.6
2025-06-27T04:00:00,1529.66
2025-06-27T05:00:00,1516.82
2025-06-27T06:00:00,1510.11
2025-06-27T07:00:00,1546.69
2025-06-27T08:00:00,1598.84
2025-06-27T09:00:00,1668.62
2025-06-27T10:00:00,1777.09
2025-06-27T11:00:00,1905.15
2025-06-27T12:00:00,2046.8
2025-06-27T13:00:00,2208.79
2025-06-27T14:00:00,2374.67
2025-06-27T15:00:00,2525.62
2025-06-27T16:00:00,2624.63
2025-06-27T17:00:00,2727.31
2025-06-27T18:00:00,2793.52
2025-06-27T19:00:00,2769.67
2025-06-27T20:00:00,2645.71
2025-06-27T21:00:00,2512.26
2025-06-27T22:00:00,2349.3
2025-06-27T23:00:00,2188.33
2025-06-28T00:00:00,2016.3
2025-06-28T01:00:00,1882.37
2025-06-28T02:00:00,1765.4
2025-06-28T03:00:00,1673.4
2025-06-28T04:00:00,1603.37
2025-06-28T05:00:00,1561.34
2025-06-28T06:00:00,1535.08
2025-06-28T07:00:00,1538.68
2025-06-28T08:00:00,1575.47
2025-06-28T09:00:00,1681.8
2025-06-28T10:00:00,1801.56
2025-06-28T11:00:00,1948.41
2025-06-28T12:00:00,2097.32
2025-06-28T13:00:00,2250.1
2025-06-28T14:00:00,2366.96
2025-06-28T15:00:00,2507.52
2025-06-28T16:00:00,2657.83
2025-06-28T17:00:00,2785.78
2025-06-28T18:00:00,2862.63
2025-06-28T19:00:00,2837.62
2025-06-28T20:00:00,2709.8
2025-06-28T21:00:00,2568.49
2025-06-28T22:00:00,2407.54
2025-06-28T23:00:00,2222.19
2025-06-29T00:00:00,2062.47
2025-06-29T01:00:00,1916.05
2025-06-29T02:00:00,1811.74
2025-06-29T03:00:00,1719.54
2025-06-29T04:00:00,1648.42
2025-06-29T05:00:00,1606.37
2025-06-29T06:00:00,1554.43
2025-06-29T07:00:00,1571.9
2025-06-29T08:00:00,1622.0
2025-06-29T09:00:00,1730.66
2025-06-29T10:00:00,1857.34
2025-06-29T11:00:00,2045.92
2025-06-29T12:00:00,2233.83
2025-06-29T13:00:00,2420.95
2025-06-29T14:00:00,2593.98
2025-06-29T15:00:00,2737.44
2025-06-29T16:00:00,2863.4
2025-06-29T17:00:00,3000.2
2025-06-29T18:00:00,3084.61
2025-06-29T19:00:00,3064.84
2025-06-29T20:00:00,2928.8
2025-06-29T21:00:00,2765.82
2025-06-29T22:00:00,2571.88
2025-06-29T23:00:00,2351.67
2025-06-30T00:00:00,2141.69
2025-06-30T01:00:00,1990.62
2025-06-30T02:00:00,1873.64
2025-06-30T03:00:00,1766.01
2025-06-30T04:00:00,1686.74
2025-06-30T05:00:00,1663.26
2025-06-30T06:00:00,1656.33
2025-06-30T07:00:00,1709.99
2025-06-30T08:00:00,1793.31
2025-06-30T09:00:00,1906.04
2025-06-30T10:00:00,2037.09
2025-06-30T11:00:00,2237.07
2025-06-30T12:00:00,2468.54
2025-06-30T13:00:00,2674.25
2025-06-30T14:00:00,2850.06
2025-06-30T15:00:00,3006.19
2025-06-30T16:00:00,3063.57
2025-06-30T17:00:00,3121.7
2025-06-30T18:00:00,3240.27
2025-06-30T19:00:00,3215.05
2025-06-30T20:00:00,3033.52
2025-06-30T21:00:00,2884.8
2025-06-30T22:00:00,2683.57
2025-06-30T23:00:00,2475.52
2025-07-01T00:00:00,2291.23
2025-07-01T01:00:00,2131.36
2025-07-01T02:00:00,2005.4
2025-07-01T03:00:00,1895.32
2025-07-01T04:00:00,1835.39
2025-07-01T05:00:00,1818.42
2025-07-01T06:00:00,1830.31
2025-07-01T07:00:00,1855.83
2025-07-01T08:00:00,1906.08
2025-07-01T09:00:00,1953.49
2025-07-01T10:00:00,2058.01
2025-07-01T11:00:00,2180.74
2025-07-01T12:00:00,2321.63
2025-07-01T13:00:00,2462.29
2025-07-01T14:00:00,2616.11
2025-07-01T15:00:00,2765.83
2025-07-01T16:00:00,2877.9
2025-07-01T17:00:00,2974.92
2025-07-01T18:00:00,3042.85
2025-07-01T19:00:00,3032.13
2025-07-01T20:00:00,2920.3
2025-07-01T21:00:00,2794.73
2025-07-01T22:00:00,2638.74
2025-07-01T23:00:00,2440.9
2025-07-02T00:00:00,2261.73
2025-07-02T01:00:00,2128.75
2025-07-02T02:00:00,2029.74
2025-07-02T03:00:00,1956.75
2025-07-02T04:00:00,1913.76
2025-07-02T05:00:00,1901.8
2025-07-02T06:00:00,1908.68
2025-07-02T07:00:00,1939.28
2025-07-02T08:00:00,1969.89
2025-07-02T09:00:00,2021.07
2025-07-02T10:00:00,2112.71
2025-07-02T11:00:00,2155.13
2025-07-02T12:00:00,2372.09
2025-07-02T13:00:00,2530.68
2025-07-02T14:00:00,2679.22
2025-07-02T15:00:00,2584.07
2025-07-02T16:00:00,2370.24
2025-07-02T17:00:00,2247.68
2025-07-02T18:00:00,2163.09
2025-07-02T19:00:00,2087.06
2025-07-02T20:00:00,2075.72
2025-07-02T21:00:00,2057.66
2025-07-02T22:00:00,1993.05
2025-07-02T23:00:00,1887.3
2025-07-03T00:00:00,1796.41
2025-07-03T01:00:00,1719.45
2025-07-03T02:00:00,1646.42
2025-07-03T03:00:00,1588.59
2025-07-03T04:00:00,1579.28
2025-07-03T05:00:00,1571.39
2025-07-03T06:00:00,1600.45
2025-07-03T07:00:00,1630.66
2025-07-03T08:00:00,1684.07
2025-07-03T09:00:00,1748.29
2025-07-03T10:00:00,1788.73
2025-07-03T11:00:00,1860.17
2025-07-03T12:00:00,1998.17
2025-07-03T13:00:00,2187.15
2025-07-03T14:00:00,2395.03
2025-07-03T15:00:00,2321.35
2025-07-03T16:00:00,2230.5
2025-07-03T17:00:00,2227.72
2025-07-03T18:00:00,2265.04
2025-07-03T19:00:00,2311.98
2025-07-03T20:00:00,2272.3
2025-07-03T21:00:00,2299.54
2025-07-03T22:00:00,2108.5
2025-07-03T23:00:00,1977.49
2025-07-04T00:00:00,1850.44
2025-07-04T01:00:00,1734.47
2025-07-04T02:00:00,1669.5
2025-07-04T03:00:00,1620.47
2025-07-04T04:00:00,1585.49
2025-07-04T05:00:00,1562.51
2025-07-04T06:00:00,1563.0
2025-07-04T07:00:00,1589.07
2025-07-04T08:00:00,1617.53
2025-07-04T09:00:00,1670.25
2025-07-04T10:00:00,1745.12
2025-07-04T11:00:00,1854.61
2025-07-04T12:00:00,1970.54
2025-07-04T13:00:00,2084.6
2025-07-04T14:00:00,2190.44
2025-07-04T15:00:00,2308.03
2025-07-04T16:00:00,2421.09
2025-07-04T17:00:00,2545.38
2025-07-04T18:00:00,2627.3
2025-07-04T19:00:00,2588.23
2025-07-04T20:00:00,2454.83
2025-07-04T21:00:00,2350.13
2025-07-04T22:00:00,2232.92
2025-07-04T23:00:00,2144.88
2025-07-05T00:00:00,2045.93
2025-07-05T01:00:00,1945.98
2025-07-05T02:00:00,1850.01
2025-07-05T03:00:00,1766.0
2025-07-05T04:00:00,1704.98
2025-07-05T05:00:00,1676.03
2025-07-05T06:00:00,1676.04
2025-07-05T07:00:00,1687.31
2025-07-05T08:00:00,1738.92
2025-07-05T09:00:00,1826.25
2025-07-05T10:00:00,1904.74
2025-07-05T11:00:00,2027.1
2025-07-05T12:00:00,2162.16
2025-07-05T13:00:00,2268.15
2025-07-05T14:00:00,2409.02
2025-07-05T15:00:00,2524.0
2025-07-05T16:00:00,2724.15
2025-07-05T17:00:00,2722.46
2025-07-05T18:00:00,2729.79
2025-07-05T19:00:00,2614.63
2025-07-05T20:00:00,2498.29
2025-07-05T21:00:00,2394.55
2025-07-05T22:00:00,2246.41
2025-07-05T23:00:00,2092.43
2025-07-06T00:00:00,1956.37
2025-07-06T01:00:00,1832.45
2025-07-06T02:00:00,1743.47
2025-07-06T03:00:00,1665.39
2025-07-06T04:00:00,1605.41
2025-07-06T05:00:00,1573.43
2025-07-06T06:00:00,1560.47
2025-07-06T07:00:00,1562.94
2025-07-06T08:00:00,1610.13
2025-07-06T09:00:00,1709.16
2025-07-06T10:00:00,1838.2
2025-07-06T11:00:00,1997.69
2025-07-06T12:00:00,2162.0
2025-07-06T13:00:00,2341.07
2025-07-06T14:00:00,2513.99
2025-07-06T15:00:00,2660.1
2025-07-06T16:00:00,2775.72
2025-07-06T17:00:00,2895.19
2025-07-06T18:00:00,2970.07
2025-07-06T19:00:00,2977.21
2025-07-06T20:00:00,2850.68
2025-07-06T21:00:00,2678.07
2025-07-06T22:00:00,2488.88
2025-07-06T23:00:00,2306.84
2025-07-07T00:00:00,2124.77
2025-07-07T01:00:00,1983.94
2025-07-07T02:00:00,1868.34
2025-07-07T03:00:00,1797.5
2025-07-07T04:00:00,1732.97
2025-07-07T05:00:00,1718.46
2025-07-07T06:00:00,1731.56
2025-07-07T07:00:00,1764.99
2025-07-07T08:00:00,1833.9
2025-07-07T09:00:00,1907.99
2025-07-07T10:00:00,2011.19
2025-07-07T11:00:00,2175.08
2025-07-07T12:00:00,2346.11
2025-07-07T13:00:00,2512.17
2025-07-07T14:00:00,2669.02
2025-07-07T15:00:00,2787.87
2025-07-07T16:00:00,2882.3
2025-07-07T17:00:00,2978.73
2025-07-07T18:00:00,3033.09
2025-07-07T19:00:00,2992.55
2025-07-07T20:00:00,2884.76
2025-07-07T21:00:00,2742.55
2025-07-07T22:00:00,2561.81
2025-07-07T23:00:00,2348.59
2025-07-08T00:00:00,2152.08
2025-07-08T01:00:00,2024.43
2025-07-08T02:00:00,1925.49
2025-07-08T03:00:00,1844.6
2025-07-08T04:00:00,1770.6
2025-07-08T05:00:00,1747.55
2025-07-08T06:00:00,1752.59
2025-07-08T07:00:00,1791.11
2025-07-08T08:00:00,1857.1
2025-07-08T09:00:00,1936.48
2025-07-08T10:00:00,2050.13
2025-07-08T11:00:00,2202.81
2025-07-08T12:00:00,2369.73
2025-07-08T13:00:00,2557.12
2025-07-08T14:00:00,2687.57
2025-07-08T15:00:00,2848.3
2025-07-08T16:00:00,2978.62
2025-07-08T17:00:00,3084.97
2025-07-08T18:00:00,3138.92
2025-07-08T19:00:00,2984.94
2025-07-08T20:00:00,2844.96
2025-07-08T21:00:00,2706.17
2025-07-08T22:00:00,2527.58
2025-07-08T23:00:00,2318.34
2025-07-09T00:00:00,2106.1
2025-07-09T01:00:00,1959.1
2025-07-09T02:00:00,1850.99
2025-07-09T03:00:00,1754.0
2025-07-09T04:00:00,1694.93
2025-07-09T05:00:00,1662.96
2025-07-09T06:00:00,1664.09
2025-07-09T07:00:00,1752.69
2025-07-09T08:00:00,1826.98
2025-07-09T09:00:00,1919.64
2025-07-09T10:00:00,2056.58
2025-07-09T11:00:00,2239.8
2025-07-09T12:00:00,2446.83
2025-07-09T13:00:00,2636.57
2025-07-09T14:00:00,2801.58
2025-07-09T15:00:00,3009.42
2025-07-09T16:00:00,3136.41
2025-07-09T17:00:00,3235.04
2025-07-09T18:00:00,3341.0
2025-07-09T19:00:00,3265.21
2025-07-09T20:00:00,3154.95
2025-07-09T21:00:00,3018.92
2025-07-09T22:00:00,2794.1
2025-07-09T23:00:00,2555.12
2025-07-10T00:00:00,2352.91
2025-07-10T01:00:00,2183.24
2025-07-10T02:00:00,2022.19
2025-07-10T03:00:00,1928.22
2025-07-10T04:00:00,1861.23
2025-07-10T05:00:00,1833.21
2025-07-10T06:00:00,1856.93
2025-07-10T07:00:00,1933.49
2025-07-10T08:00:00,2036.01
2025-07-10T09:00:00,2118.52
2025-07-10T10:00:00,2213.9
2025-07-10T11:00:00,2350.07
2025-07-10T12:00:00,2484.18
2025-07-10T13:00:00,2691.6
2025-07-10T14:00:00,2841.23
2025-07-10T15:00:00,2999.72
2025-07-10T16:00:00,3108.77
2025-07-10T17:00:00,3213.03
2025-07-10T18:00:00,3272.61
2025-07-10T19:00:00,3254.61
2025-07-10T20:00:00,3096.72
2025-07-10T21:00:00,2946.67
2025-07-10T22:00:00,2771.58
2025-07-10T23:00:00,2563.26
2025-07-11T00:00:00,2386.53
2025-07-11T01:00:00,2264.88
2025-07-11T02:00:00,2171.08
2025-07-11T03:00:00,2075.17
2025-07-11T04:00:00,2001.2
2025-07-11T05:00:00,1962.15
2025-07-11T06:00:00,1955.26
2025-07-11T07:00:00,2010.46
2025-07-11T08:00:00,2066.57
2025-07-11T09:00:00,2097.15
2025-07-11T10:00:00,2195.86
2025-07-11T11:00:00,2318.52
2025-07-11T12:00:00,2480.73
2025-07-11T13:00:00,2627.29
2025-07-11T14:00:00,2791.87
2025-07-11T15:00:00,2901.22
2025-07-11T16:00:00,2987.67
2025-07-11T17:00:00,3084.0
2025-07-11T18:00:00,3130.25
2025-07-11T19:00:00,3095.06
2025-07-11T20:00:00,2973.82
2025-07-11T21:00:00,2841.44
2025-07-11T22:00:00,2698.36
2025-07-11T23:00:00,2518.56
2025-07-12T00:00:00,2335.58
2025-07-12T01:00:00,2193.58
2025-07-12T02:00:00,2073.66
2025-07-12T03:00:00,1975.69
2025-07-12T04:00:00,1893.63
2025-07-12T05:00:00,1854.7
2025-07-12T06:00:00,1839.49
2025-07-12T07:00:00,1850.88
2025-07-12T08:00:00,1887.82
2025-07-12T09:00:00,1936.41
2025-07-12T10:00:00,2042.41
2025-07-12T11:00:00,2152.88
2025-07-12T12:00:00,2312.05
2025-07-12T13:00:00,2453.56
2025-07-12T14:00:00,2574.8
2025-07-12T15:00:00,2709.11
2025-07-12T16:00:00,2823.1
2025-07-12T17:00:00,2923.61
2025-07-12T18:00:00,2993.23
2025-07-12T19:00:00,2981.85
2025-07-12T20:00:00,2840.42
2025-07-12T21:00:00,2691.64
2025-07-12T22:00:00,2523.66
2025-07-12T23:00:00,2337.99
2025-07-13T00:00:00,2182.36
2025-07-13T01:00:00,2075.43
2025-07-13T02:00:00,1976.51
2025-07-13T03:00:00,1881.48
2025-07-13T04:00:00,1806.58
2025-07-13T05:00:00,1759.58
2025-07-13T06:00:00,1740.38
2025-07-13T07:00:00,1737.75
2025-07-13T08:00:00,1800.79
2025-07-13T09:00:00,1891.38
2025-07-13T10:00:00,2005.42
2025-07-13T11:00:00,2144.06
2025-07-13T12:00:00,2290.05
2025-07-13T13:00:00,2477.51
2025-07-13T14:00:00,2620.82
2025-07-13T15:00:00,2776.09
2025-07-13T16:00:00,2889.03
2025-07-13T17:00:00,2973.64
2025-07-13T18:00:00,3002.19
2025-07-13T19:00:00,2896.89
2025-07-13T20:00:00,2811.52
2025-07-13T21:00:00,2653.79
2025-07-13T22:00:00,2468.88
2025-07-13T23:00:00,2263.84
2025-07-14T00:00:00,2096.22
2025-07-14T01:00:00,1971.42
2025-07-14T02:00:00,1873.67
2025-07-14T03:00:00,1802.42
2025-07-14T04:00:00,1760.46
2025-07-14T05:00:00,1751.42
2025-07-14T06:00:00,1750.48
2025-07-14T07:00:00,1773.39
2025-07-14T08:00:00,1831.87
2025-07-14T09:00:00,1874.49
2025-07-14T10:00:00,1954.22
2025-07-14T11:00:00,2067.08
2025-07-14T12:00:00,2197.45
2025-07-14T13:00:00,2355.64
2025-07-14T14:00:00,2526.84
2025-07-14T15:00:00,2683.08
2025-07-14T16:00:00,2854.49
2025-07-14T17:00:00,2852.66
2025-07-14T18:00:00,2685.68
2025-07-14T19:00:00,2572.83
2025-07-14T20:00:00,2537.37
2025-07-14T21:00:00,2461.39
2025-07-14T22:00:00,2328.97
2025-07-14T23:00:00,2159.73
2025-07-15T00:00:00,2018.8
2025-07-15T01:00:00,1902.7
2025-07-15T02:00:00,1814.69
2025-07-15T03:00:00,1757.62
2025-07-15T04:00:00,1716.66
2025-07-15T05:00:00,1702.65
2025-07-15T06:00:00,1720.16
2025-07-15T07:00:00,1754.14
2025-07-15T08:00:00,1811.88
2025-07-15T09:00:00,1863.39
2025-07-15T10:00:00,1950.1
2025-07-15T11:00:00,2061.48
2025-07-15T12:00:00,2193.67
2025-07-15T13:00:00,2358.65
2025-07-15T14:00:00,2515.68
2025-07-15T15:00:00,2653.71
2025-07-15T16:00:00,2771.4
2025-07-15T17:00:00,2873.2
2025-07-15T18:00:00,2808.98
2025-07-15T19:00:00,2632.88
2025-07-15T20:00:00,2469.82
2025-07-15T21:00:00,2308.52
2025-07-15T22:00:00,2129.88
2025-07-15T23:00:00,1948.76
2025-07-16T00:00:00,1808.8
2025-07-16T01:00:00,1697.78
2025-07-16T02:00:00,1630.73
2025-07-16T03:00:00,1588.66
2025-07-16T04:00:00,1540.61
2025-07-16T05:00:00,1540.59
2025-07-16T06:00:00,1576.26
2025-07-16T07:00:00,1607.03
2025-07-16T08:00:00,1614.33
2025-07-16T09:00:00,1625.01
2025-07-16T10:00:00,1664.81
2025-07-16T11:00:00,1683.79
2025-07-16T12:00:00,1669.25
2025-07-16T13:00:00,1617.74
2025-07-16T14:00:00,1688.33
2025-07-16T15:00:00,1818.83
2025-07-16T16:00:00,1962.2
2025-07-16T17:00:00,2083.93
2025-07-16T18:00:00,2179.48
2025-07-16T19:00:00,2183.43
2025-07-16T20:00:00,2158.8
2025-07-16T21:00:00,2104.49
2025-07-16T22:00:00,2010.67
2025-07-16T23:00:00,1882.71
2025-07-17T00:00:00,1762.78
2025-07-17T01:00:00,1667.69
2025-07-17T02:00:00,1596.71
2025-07-17T03:00:00,1544.79
2025-07-17T04:00:00,1508.84
2025-07-17T05:00:00,1517.85
2025-07-17T06:00:00,1552.57
2025-07-17T07:00:00,1598.28
2025-07-17T08:00:00,1635.82
2025-07-17T09:00:00,1664.19
2025-07-17T10:00:00,1706.16
2025-07-17T11:00:00,1821.8
2025-07-17T12:00:00,1906.15
2025-07-17T13:00:00,2003.98
2025-07-17T14:00:00,2131.77
2025-07-17T15:00:00,2254.17
2025-07-17T16:00:00,2357.79
2025-07-17T17:00:00,2478.13
2025-07-17T18:00:00,2535.07
2025-07-17T19:00:00,2516.86
2025-07-17T20:00:00,2434.78
2025-07-17T21:00:00,2342.54
2025-07-17T22:00:00,2218.8
2025-07-17T23:00:00,2061.72
2025-07-18T00:00:00,1907.67
2025-07-18T01:00:00,1804.73
2025-07-18T02:00:00,1732.76
2025-07-18T03:00:00,1675.62
2025-07-18T04:00:00,1627.63
2025-07-18T05:00:00,1616.68
2025-07-18T06:00:00,1633.47
2025-07-18T07:00:00,1680.1
2025-07-18T08:00:00,1745.91
2025-07-18T09:00:00,1803.39
2025-07-18T10:00:00,1901.42
2025-07-18T11:00:00,2020.25
2025-07-18T12:00:00,2163.58
2025-07-18T13:00:00,2295.19
2025-07-18T14:00:00,2444.38
2025-07-18T15:00:00,2569.3
2025-07-18T16:00:00,2660.39
2025-07-18T17:00:00,2742.09
2025-07-18T18:00:00,2809.63
2025-07-18T19:00:00,2781.36
2025-07-18T20:00:00,2692.37
2025-07-18T21:00:00,2580.33
2025-07-18T22:00:00,2421.82
2025-07-18T23:00:00,2239.11
2025-07-19T00:00:00,2059.69
2025-07-19T01:00:00,1913.3
2025-07-19T02:00:00,1824.8
2025-07-19T03:00:00,1732.65
2025-07-19T04:00:00,1673.68
2025-07-19T05:00:00,1623.62
2025-07-19T06:00:00,1603.21
2025-07-19T07:00:00,1593.76
2025-07-19T08:00:00,1644.84
2025-07-19T09:00:00,1737.14
2025-07-19T10:00:00,1844.97
2025-07-19T11:00:00,1969.41
2025-07-19T12:00:00,2105.66
2025-07-19T13:00:00,2255.94
2025-07-19T14:00:00,2367.15
2025-07-19T15:00:00,2500.21
2025-07-19T16:00:00,2613.23
2025-07-19T17:00:00,2733.62
2025-07-19T18:00:00,2761.75
2025-07-19T19:00:00,2689.41
2025-07-19T20:00:00,2601.46
2025-07-19T21:00:00,2503.81
2025-07-19T22:00:00,2368.34
2025-07-19T23:00:00,2213.69
2025-07-20T00:00:00,2066.85
2025-07-20T01:00:00,1943.7
2025-07-20T02:00:00,1864.67
2025-07-20T03:00:00,1799.79
2025-07-20T04:00:00,1744.83
2025-07-20T05:00:00,1719.82
2025-07-20T06:00:00,1702.69
2025-07-20T07:00:00,1705.45
2025-07-20T08:00:00,1748.54
2025-07-20T09:00:00,1806.07
2025-07-20T10:00:00,1817.24
2025-07-20T11:00:00,1884.6
2025-07-20T12:00:00,1972.93
2025-07-20T13:00:00,2018.96
2025-07-20T14:00:00,2115.14
2025-07-20T15:00:00,2243.17
2025-07-20T16:00:00,2281.26
2025-07-20T17:00:00,2432.52
2025-07-20T18:00:00,2484.32
2025-07-20T19:00:00,2429.08
2025-07-20T20:00:00,2360.43
2025-07-20T21:00:00,2289.44
2025-07-20T22:00:00,2161.51
2025-07-20T23:00:00,2016.43
2025-07-21T00:00:00,1874.29
2025-07-21T01:00:00,1764.82
2025-07-21T02:00:00,1694.77
2025-07-21T03:00:00,1630.8
2025-07-21T04:00:00,1609.78
2025-07-21T05:00:00,1612.68
2025-07-21T06:00:00,1651.4
2025-07-21T07:00:00,1684.01
2025-07-21T08:00:00,1739.32
2025-07-21T09:00:00,1782.51
2025-07-21T10:00:00,1855.01
2025-07-21T11:00:00,1965.42
2025-07-21T12:00:00,1967.32
2025-07-21T13:00:00,2103.95
2025-07-21T14:00:00,2231.55
2025-07-21T15:00:00,2263.14
2025-07-21T16:00:00,2178.87
2025-07-21T17:00:00,2075.78
2025-07-21T18:00:00,2041.92
2025-07-21T19:00:00,2050.81
2025-07-21T20:00:00,2047.94
2025-07-21T21:00:00,2030.57
2025-07-21T22:00:00,1956.97
2025-07-21T23:00:00,1841.7
2025-07-22T00:00:00,1741.7
2025-07-22T01:00:00,1657.75
2025-07-22T02:00:00,1606.67
2025-07-22T03:00:00,1576.71
2025-07-22T04:00:00,1552.7
2025-07-22T05:00:00,1561.74
2025-07-22T06:00:00,1607.68
2025-07-22T07:00:00,1639.77
2025-07-22T08:00:00,1660.2
2025-07-22T09:00:00,1704.48
2025-07-22T10:00:00,1750.86
2025-07-22T11:00:00,1852.22
2025-07-22T12:00:00,1977.11
2025-07-22T13:00:00,2098.23
2025-07-22T14:00:00,2221.73
2025-07-22T15:00:00,2395.85
2025-07-22T16:00:00,2498.93
2025-07-22T17:00:00,2330.11
2025-07-22T18:00:00,2278.58
2025-07-22T19:00:00,2235.92
2025-07-22T20:00:00,2199.03
2025-07-22T21:00:00,2141.2
2025-07-22T22:00:00,2111.14
2025-07-22T23:00:00,1893.84
2025-07-23T00:00:00,1749.67
2025-07-23T01:00:00,1661.73
2025-07-23T02:00:00,1601.7
2025-07-23T03:00:00,1553.7
2025-07-23T04:00:00,1508.86
2025-07-23T05:00:00,1497.94
2025-07-23T06:00:00,1515.24
2025-07-23T07:00:00,1581.83
2025-07-23T08:00:00,1589.89
2025-07-23T09:00:00,1580.86
2025-07-23T10:00:00,1676.84
2025-07-23T11:00:00,1747.36
2025-07-23T12:00:00,1738.49
2025-07-23T13:00:00,1988.09
2025-07-23T14:00:00,2123.78
2025-07-23T15:00:00,2235.38
2025-07-23T16:00:00,2368.0
2025-07-23T17:00:00,2494.15
2025-07-23T18:00:00,2579.96
2025-07-23T19:00:00,2556.53
2025-07-23T20:00:00,2429.95
2025-07-23T21:00:00,2269.9
2025-07-23T22:00:00,2096.0
2025-07-23T23:00:00,1903.42
2025-07-24T00:00:00,1750.36
2025-07-24T01:00:00,1621.95
2025-07-24T02:00:00,1543.79
2025-07-24T03:00:00,1474.57
2025-07-24T04:00:00,1429.69
2025-07-24T05:00:00,1434.63
2025-07-24T06:00:00,1465.52
2025-07-24T07:00:00,1491.28
2025-07-24T08:00:00,1516.92
2025-07-24T09:00:00,1540.46
2025-07-24T10:00:00,1607.25
2025-07-24T11:00:00,1727.51
2025-07-24T12:00:00,1858.91
2025-07-24T13:00:00,2024.72
2025-07-24T14:00:00,2179.83
2025-07-24T15:00:00,2334.67
2025-07-24T16:00:00,2451.69
2025-07-24T17:00:00,2575.24
2025-07-24T18:00:00,2666.04
2025-07-24T19:00:00,2648.89
2025-07-24T20:00:00,2515.16
2025-07-24T21:00:00,2350.81
2025-07-24T22:00:00,2172.67
2025-07-24T23:00:00,1988.77
2025-07-25T00:00:00,1812.78
2025-07-25T01:00:00,1691.81
2025-07-25T02:00:00,1593.85
2025-07-25T03:00:00,1523.71
2025-07-25T04:00:00,1485.73
2025-07-25T05:00:00,1462.6
2025-07-25T06:00:00,1469.54
2025-07-25T07:00:00,1501.79
2025-07-25T08:00:00,1547.79
2025-07-25T09:00:00,1600.2
2025-07-25T10:00:00,1680.79
2025-07-25T11:00:00,1829.68
2025-07-25T12:00:00,1983.01
2025-07-25T13:00:00,2167.02
2025-07-25T14:00:00,2346.64
2025-07-25T15:00:00,2471.16
2025-07-25T16:00:00,2589.86
2025-07-25T17:00:00,2703.62
2025-07-25T18:00:00,2783.02
2025-07-25T19:00:00,2761.86
2025-07-25T20:00:00,2601.52
2025-07-25T21:00:00,2429.59
2025-07-25T22:00:00,2256.93
2025-07-25T23:00:00,2058.84
2025-07-26T00:00:00,1892.75
2025-07-26T01:00:00,1742.76
2025-07-26T02:00:00,1641.9
2025-07-26T03:00:00,1576.82
2025-07-26T04:00:00,1515.75
2025-07-26T05:00:00,1488.75
2025-07-26T06:00:00,1481.41
2025-07-26T07:00:00,1484.33
2025-07-26T08:00:00,1498.89
2025-07-26T09:00:00,1570.34
2025-07-26T10:00:00,1669.85
2025-07-26T11:00:00,1802.1
2025-07-26T12:00:00,1961.13
2025-07-26T13:00:00,2119.72
2025-07-26T14:00:00,2271.99
2025-07-26T15:00:00,2424.17
2025-07-26T16:00:00,2586.6
2025-07-26T17:00:00,2704.21
2025-07-26T18:00:00,2770.14
2025-07-26T19:00:00,2731.89
2025-07-26T20:00:00,2553.63
2025-07-26T21:00:00,2378.5
2025-07-26T22:00:00,2186.74
2025-07-26T23:00:00,2006.61
2025-07-27T00:00:00,1853.64
2025-07-27T01:00:00,1719.69
2025-07-27T02:00:00,1629.69
2025-07-27T03:00:00,1563.7
2025-07-27T04:00:00,1515.71
2025-07-27T05:00:00,1483.67
2025-07-27T06:00:00,1465.3
2025-07-27T07:00:00,1462.19
2025-07-27T08:00:00,1492.92
2025-07-27T09:00:00,1575.41
2025-07-27T10:00:00,1687.87
2025-07-27T11:00:00,1815.65
2025-07-27T12:00:00,1987.97
2025-07-27T13:00:00,2173.2
2025-07-27T14:00:00,2362.69
2025-07-27T15:00:00,2542.77
2025-07-27T16:00:00,2700.99
2025-07-27T17:00:00,2787.68
2025-07-27T18:00:00,2900.91
2025-07-27T19:00:00,2898.79
2025-07-27T20:00:00,2770.64
2025-07-27T21:00:00,2578.69
2025-07-27T22:00:00,2360.99
2025-07-27T23:00:00,2130.78
2025-07-28T00:00:00,1950.63
2025-07-28T01:00:00,1810.74
2025-07-28T02:00:00,1738.75
2025-07-28T03:00:00,1661.77
2025-07-28T04:00:00,1621.64
2025-07-28T05:00:00,1609.71
2025-07-28T06:00:00,1645.23
2025-07-28T07:00:00,1672.08
2025-07-28T08:00:00,1690.76
2025-07-28T09:00:00,1778.12
2025-07-28T10:00:00,1918.36
2025-07-28T11:00:00,2131.89
2025-07-28T12:00:00,2350.9
2025-07-28T13:00:00,2542.08
2025-07-28T14:00:00,2700.0
2025-07-28T15:00:00,2811.62
2025-07-28T16:00:00,2835.67
2025-07-28T17:00:00,2969.53
2025-07-28T18:00:00,3048.57
2025-07-28T19:00:00,3013.22
2025-07-28T20:00:00,2913.62
2025-07-28T21:00:00,2767.42
2025-07-28T22:00:00,2590.82
2025-07-28T23:00:00,2399.71
2025-07-29T00:00:00,2204.62
2025-07-29T01:00:00,2067.84
2025-07-29T02:00:00,1952.72
2025-07-29T03:00:00,1859.7
2025-07-29T04:00:00,1797.66
2025-07-29T05:00:00,1777.67
2025-07-29T06:00:00,1791.37
2025-07-29T07:00:00,1811.03
2025-07-29T08:00:00,1873.94
2025-07-29T09:00:00,1938.92
2025-07-29T10:00:00,2011.54
2025-07-29T11:00:00,2127.73
2025-07-29T12:00:00,2255.16
2025-07-29T13:00:00,2424.8
2025-07-29T14:00:00,2586.71
2025-07-29T15:00:00,2730.14
2025-07-29T16:00:00,2841.05
2025-07-29T17:00:00,2956.49
2025-07-29T18:00:00,3003.89
2025-07-29T19:00:00,2959.84
2025-07-29T20:00:00,2828.98
2025-07-29T21:00:00,2660.42
2025-07-29T22:00:00,2453.96
2025-07-29T23:00:00,2241.71
2025-07-30T00:00:00,2061.69
2025-07-30T01:00:00,1938.67
2025-07-30T02:00:00,1843.67
2025-07-30T03:00:00,1804.69
2025-07-30T04:00:00,1756.7
2025-07-30T05:00:00,1752.75
2025-07-30T06:00:00,1751.48
2025-07-30T07:00:00,1771.82
2025-07-30T08:00:00,1813.57
2025-07-30T09:00:00,1886.57
2025-07-30T10:00:00,1994.09
2025-07-30T11:00:00,2133.72
2025-07-30T12:00:00,2309.28
2025-07-30T13:00:00,2489.71
2025-07-30T14:00:00,2662.99
2025-07-30T15:00:00,2817.23
2025-07-30T16:00:00,2939.92
2025-07-30T17:00:00,3028.67
2025-07-30T18:00:00,3034.96
2025-07-30T19:00:00,2912.76
2025-07-30T20:00:00,2739.14
2025-07-30T21:00:00,2589.52
2025-07-30T22:00:00,2430.18
2025-07-30T23:00:00,2246.68
2025-07-31T00:00:00,2072.7
2025-07-31T01:00:00,1950.67
2025-07-31T02:00:00,1854.66
2025-07-31T03:00:00,1756.67
2025-07-31T04:00:00,1764.69
2025-07-31T05:00:00,1735.68
2025-07-31T06:00:00,1754.2
2025-07-31T07:00:00,1788.13
2025-07-31T08:00:00,1860.69
2025-07-31T09:00:00,1950.18
2025-07-31T10:00:00,2067.61
2025-07-31T11:00:00,2202.99
2025-07-31T12:00:00,2367.8
2025-07-31T13:00:00,2525.26
2025-07-31T14:00:00,2674.31
2025-07-31T15:00:00,2847.29
2025-07-31T16:00:00,2953.56
2025-07-31T17:00:00,3003.07
2025-07-31T18:00:00,3007.41
2025-07-31T19:00:00,2900.36
2025-07-31T20:00:00,2794.69
2025-07-31T21:00:00,2675.82
2025-07-31T22:00:00,2530.47
2025-07-31T23:00:00,2341.74
2025-08-01T00:00:00,2161.65
2025-08-01T01:00:00,2041.76
2025-08-01T02:00:00,1945.67
2025-08-01T03:00:00,1866.66
2025-08-01T04:00:00,1814.7
2025-08-01T05:00:00,1797.7
2025-08-01T06:00:00,1808.48
2025-08-01T07:00:00,1843.32
2025-08-01T08:00:00,1915.8
2025-08-01T09:00:00,1983.08
2025-08-01T10:00:00,2097.58
2025-08-01T11:00:00,2253.08
2025-08-01T12:00:00,2417.5
2025-08-01T13:00:00,2576.85
2025-08-01T14:00:00,2748.64
2025-08-01T15:00:00,2882.78
2025-08-01T16:00:00,2938.74
2025-08-01T17:00:00,3062.64
2025-08-01T18:00:00,3113.08
2025-08-01T19:00:00,3045.8
2025-08-01T20:00:00,2871.98
2025-08-01T21:00:00,2720.68
2025-08-01T22:00:00,2551.02
2025-08-01T23:00:00,2360.81
2025-08-02T00:00:00,2187.99
2025-08-02T01:00:00,2031.84
2025-08-02T02:00:00,1910.88
2025-08-02T03:00:00,1800.88
2025-08-02T04:00:00,1719.84
2025-08-02T05:00:00,1673.86
2025-08-02T06:00:00,1680.88
2025-08-02T07:00:00,1689.49
2025-08-02T08:00:00,1759.49
2025-08-02T09:00:00,1862.43
2025-08-02T10:00:00,2014.98
2025-08-02T11:00:00,2188.5
2025-08-02T12:00:00,2379.87
2025-08-02T13:00:00,2565.88
2025-08-02T14:00:00,2736.1
2025-08-02T15:00:00,2893.88
2025-08-02T16:00:00,3026.77
2025-08-02T17:00:00,3059.82
2025-08-02T18:00:00,3146.34
2025-08-02T19:00:00,3092.81
2025-08-02T20:00:00,2938.92
2025-08-02T21:00:00,2719.75
2025-08-02T22:00:00,2500.72
2025-08-02T23:00:00,2294.66
2025-08-03T00:00:00,2098.73
2025-08-03T01:00:00,1923.73
2025-08-03T02:00:00,1804.69
2025-08-03T03:00:00,1710.07
2025-08-03T04:00:00,1641.17
2025-08-03T05:00:00,1588.79
2025-08-03T06:00:00,1562.25
2025-08-03T07:00:00,1540.27
2025-08-03T08:00:00,1592.96
2025-08-03T09:00:00,1698.73
2025-08-03T10:00:00,1851.32
2025-08-03T11:00:00,2021.77
2025-08-03T12:00:00,2199.43
2025-08-03T13:00:00,2370.24
2025-08-03T14:00:00,2565.13
2025-08-03T15:00:00,2713.12
2025-08-03T16:00:00,2871.14
2025-08-03T17:00:00,2996.77
2025-08-03T18:00:00,3081.06
2025-08-03T19:00:00,3069.67
2025-08-03T20:00:00,2883.94
2025-08-03T21:00:00,2675.42
2025-08-03T22:00:00,2458.22
2025-08-03T23:00:00,2254.79
2025-08-04T00:00:00,2090.8
2025-08-04T01:00:00,1944.77
2025-08-04T02:00:00,1846.77
2025-08-04T03:00:00,1758.24
2025-08-04T04:00:00,1698.24
2025-08-04T05:00:00,1672.19
2025-08-04T06:00:00,1697.83
2025-08-04T07:00:00,1764.24
2025-08-04T08:00:00,1826.85
2025-08-04T09:00:00,1905.85
2025-08-04T10:00:00,2000.53
2025-08-04T11:00:00,2144.99
2025-08-04T12:00:00,2320.88
2025-08-04T13:00:00,2481.64
2025-08-04T14:00:00,2673.8
2025-08-04T15:00:00,2851.25
2025-08-04T16:00:00,2986.21
2025-08-04T17:00:00,3097.65
2025-08-04T18:00:00,3172.89
2025-08-04T19:00:00,3163.07
2025-08-04T20:00:00,3019.8
2025-08-04T21:00:00,2848.84
2025-08-04T22:00:00,2640.98
2025-08-04T23:00:00,2417.78
2025-08-05T00:00:00,2216.74
2025-08-05T01:00:00,2060.84
2025-08-05T02:00:00,1928.82
2025-08-05T03:00:00,1838.67
2025-08-05T04:00:00,1766.22
2025-08-05T05:00:00,1732.15
2025-08-05T06:00:00,1775.8
2025-08-05T07:00:00,1817.32
2025-08-05T08:00:00,1893.97
2025-08-05T09:00:00,1974.35
2025-08-05T10:00:00,2120.55
2025-08-05T11:00:00,2299.93
2025-08-05T12:00:00,2493.99
2025-08-05T13:00:00,2693.66
2025-08-05T14:00:00,2878.82
2025-08-05T15:00:00,3059.08
2025-08-05T16:00:00,3227.31
2025-08-05T17:00:00,3313.66
2025-08-05T18:00:00,3265.0
2025-08-05T19:00:00,3146.88
2025-08-05T20:00:00,3047.73
2025-08-05T21:00:00,2877.99
2025-08-05T22:00:00,2655.73
2025-08-05T23:00:00,2422.78
2025-08-06T00:00:00,2222.89
2025-08-06T01:00:00,2080.89
2025-08-06T02:00:00,1957.8
2025-08-06T03:00:00,1843.81
2025-08-06T04:00:00,1780.81
2025-08-06T05:00:00,1750.77
2025-08-06T06:00:00,1776.32
2025-08-06T07:00:00,1831.06
2025-08-06T08:00:00,1901.69
2025-08-06T09:00:00,2002.32
2025-08-06T10:00:00,2160.66
2025-08-06T11:00:00,2358.61
2025-08-06T12:00:00,2589.83
2025-08-06T13:00:00,2825.2
2025-08-06T14:00:00,3020.14
2025-08-06T15:00:00,3201.27
2025-08-06T16:00:00,3305.61
2025-08-06T17:00:00,3384.82
2025-08-06T18:00:00,3447.87
2025-08-06T19:00:00,3402.33
2025-08-06T20:00:00,3304.7
2025-08-06T21:00:00,3088.3
2025-08-06T22:00:00,2855.11
2025-08-06T23:00:00,2625.97
2025-08-07T00:00:00,2408.96
2025-08-07T01:00:00,2239.98
2025-08-07T02:00:00,2106.0
2025-08-07T03:00:00,1998.93
2025-08-07T04:00:00,1909.18
2025-08-07T05:00:00,1859.92
2025-08-07T06:00:00,1844.42
2025-08-07T07:00:00,1883.11
2025-08-07T08:00:00,1949.22
2025-08-07T09:00:00,2043.69
2025-08-07T10:00:00,2178.56
2025-08-07T11:00:00,2342.11
2025-08-07T12:00:00,2549.23
2025-08-07T13:00:00,2749.13
2025-08-07T14:00:00,2935.03
2025-08-07T15:00:00,3101.49
2025-08-07T16:00:00,3246.7
2025-08-07T17:00:00,3368.57
2025-08-07T18:00:00,3432.72
2025-08-07T19:00:00,3424.59
2025-08-07T20:00:00,3289.6
2025-08-07T21:00:00,3118.1
2025-08-07T22:00:00,2896.13
2025-08-07T23:00:00,2666.33
2025-08-08T00:00:00,2456.23
2025-08-08T01:00:00,2267.18
2025-08-08T02:00:00,2134.18
2025-08-08T03:00:00,2027.19
2025-08-08T04:00:00,1944.17
2025-08-08T05:00:00,1922.2
2025-08-08T06:00:00,1930.78
2025-08-08T07:00:00,1958.01
2025-08-08T08:00:00,2039.78
2025-08-08T09:00:00,2137.59
2025-08-08T10:00:00,2246.48
2025-08-08T11:00:00,2378.0
2025-08-08T12:00:00,2531.05
2025-08-08T13:00:00,2689.28
2025-08-08T14:00:00,2813.26
2025-08-08T15:00:00,2977.43
2025-08-08T16:00:00,3100.68
2025-08-08T17:00:00,3199.03
2025-08-08T18:00:00,3248.29
2025-08-08T19:00:00,3183.74
2025-08-08T20:00:00,3045.31
2025-08-08T21:00:00,2865.95
2025-08-08T22:00:00,2695.26
2025-08-08T23:00:00,2536.3
2025-08-09T00:00:00,2364.28
2025-08-09T01:00:00,2215.07
2025-08-09T02:00:00,2118.09
2025-08-09T03:00:00,2040.07
2025-08-09T04:00:00,1970.11
2025-08-09T05:00:00,1928.13
2025-08-09T06:00:00,1917.6
2025-08-09T07:00:00,1926.62
2025-08-09T08:00:00,1951.18
2025-08-09T09:00:00,2027.18
2025-08-09T10:00:00,2136.18
2025-08-09T11:00:00,2256.29
2025-08-09T12:00:00,2404.09
2025-08-09T13:00:00,2523.29
2025-08-09T14:00:00,2667.33
2025-08-09T15:00:00,2823.56
2025-08-09T16:00:00,2942.75
2025-08-09T17:00:00,3063.26
2025-08-09T18:00:00,3092.2
2025-08-09T19:00:00,3048.75
2025-08-09T20:00:00,2924.37
2025-08-09T21:00:00,2795.06
2025-08-09T22:00:00,2606.15
2025-08-09T23:00:00,2425.25
2025-08-10T00:00:00,2296.29
2025-08-10T01:00:00,2139.28
2025-08-10T02:00:00,1995.21
2025-08-10T03:00:00,1901.16
2025-08-10T04:00:00,1844.1
2025-08-10T05:00:00,1808.13
2025-08-10T06:00:00,1797.72
2025-08-10T07:00:00,1760.51
2025-08-10T08:00:00,1813.93
2025-08-10T09:00:00,1845.39
2025-08-10T10:00:00,1900.28
2025-08-10T11:00:00,2042.94
2025-08-10T12:00:00,2286.03
2025-08-10T13:00:00,2392.13
2025-08-10T14:00:00,2460.18
2025-08-10T15:00:00,2606.42
2025-08-10T16:00:00,2804.66
2025-08-10T17:00:00,2895.51
2025-08-10T18:00:00,2930.69
2025-08-10T19:00:00,2900.53
2025-08-10T20:00:00,2823.8
2025-08-10T21:00:00,2733.06
2025-08-10T22:00:00,2559.07
2025-08-10T23:00:00,2368.18
2025-08-11T00:00:00,2196.29
2025-08-11T01:00:00,2075.3
2025-08-11T02:00:00,1984.29
2025-08-11T03:00:00,1903.18
2025-08-11T04:00:00,1846.16
2025-08-11T05:00:00,1838.16
2025-08-11T06:00:00,1852.87
2025-08-11T07:00:00,1890.56
2025-08-11T08:00:00,1957.1
2025-08-11T09:00:00,2022.8
2025-08-11T10:00:00,2129.55
2025-08-11T11:00:00,2289.67
2025-08-11T12:00:00,2441.46
2025-08-11T13:00:00,2616.39
2025-08-11T14:00:00,2754.29
2025-08-11T15:00:00,2901.42
2025-08-11T16:00:00,3005.6
2025-08-11T17:00:00,3110.5
2025-08-11T18:00:00,3162.71
2025-08-11T19:00:00,3119.42
2025-08-11T20:00:00,2995.88
2025-08-11T21:00:00,2831.03
2025-08-11T22:00:00,2608.13
2025-08-11T23:00:00,2398.16
2025-08-12T00:00:00,2223.19
2025-08-12T01:00:00,2083.16
2025-08-12T02:00:00,1970.25
2025-08-12T03:00:00,1880.27
2025-08-12T04:00:00,1834.18
2025-08-12T05:00:00,1792.2
2025-08-12T06:00:00,1817.26
2025-08-12T07:00:00,1845.11
2025-08-12T08:00:00,1882.91
2025-08-12T09:00:00,1940.58
2025-08-12T10:00:00,2042.53
2025-08-12T11:00:00,2164.72
2025-08-12T12:00:00,2322.77
2025-08-12T13:00:00,2495.34
2025-08-12T14:00:00,2664.38
2025-08-12T15:00:00,2811.38
2025-08-12T16:00:00,2941.61
2025-08-12T17:00:00,3052.46
2025-08-12T18:00:00,3110.69
2025-08-12T19:00:00,3052.12
2025-08-12T20:00:00,2922.3
2025-08-12T21:00:00,2777.14
2025-08-12T22:00:00,2587.33
2025-08-12T23:00:00,2353.33
2025-08-13T00:00:00,2205.26
2025-08-13T01:00:00,2062.32
2025-08-13T02:00:00,1960.19
2025-08-13T03:00:00,1878.1
2025-08-13T04:00:00,1812.02
2025-08-13T05:00:00,1798.89
2025-08-13T06:00:00,1809.39
2025-08-13T07:00:00,1831.37
2025-08-13T08:00:00,1848.21
2025-08-13T09:00:00,1868.97
2025-08-13T10:00:00,1899.52
2025-08-13T11:00:00,2008.98
2025-08-13T12:00:00,2158.86
2025-08-13T13:00:00,2327.13
2025-08-13T14:00:00,2514.61
2025-08-13T15:00:00,2652.9
2025-08-13T16:00:00,2780.11
2025-08-13T17:00:00,2874.22
2025-08-13T18:00:00,2923.78
2025-08-13T19:00:00,2854.31
2025-08-13T20:00:00,2741.33
2025-08-13T21:00:00,2560.19
2025-08-13T22:00:00,2356.57
2025-08-13T23:00:00,2163.27
2025-08-14T00:00:00,1992.15
2025-08-14T01:00:00,1882.23
2025-08-14T02:00:00,1812.15
2025-08-14T03:00:00,1756.97
2025-08-14T04:00:00,1705.97
2025-08-14T05:00:00,1701.03
2025-08-14T06:00:00,1737.35
2025-08-14T07:00:00,1782.43
2025-08-14T08:00:00,1817.55
2025-08-14T09:00:00,1860.08
2025-08-14T10:00:00,1929.08
2025-08-14T11:00:00,1986.51
2025-08-14T12:00:00,2077.11
2025-08-14T13:00:00,2185.81
2025-08-14T14:00:00,2320.27
2025-08-14T15:00:00,2473.31
2025-08-14T16:00:00,2595.45
2025-08-14T17:00:00,2700.77
2025-08-14T18:00:00,2789.44
2025-08-14T19:00:00,2765.19
2025-08-14T20:00:00,2656.73
2025-08-14T21:00:00,2557.84
2025-08-14T22:00:00,2399.73
2025-08-14T23:00:00,2211.67
2025-08-15T00:00:00,2052.68
2025-08-15T01:00:00,1934.62
2025-08-15T02:00:00,1843.43
2025-08-15T03:00:00,1783.51
2025-08-15T04:00:00,1759.49
2025-08-15T05:00:00,1745.49
2025-08-15T06:00:00,1781.48
2025-08-15T07:00:00,1820.58
2025-08-15T08:00:00,1865.24
2025-08-15T09:00:00,1886.52
2025-08-15T10:00:00,1892.77
2025-08-15T11:00:00,2006.73
2025-08-15T12:00:00,2140.22
2025-08-15T13:00:00,2179.73
2025-08-15T14:00:00,2287.99
2025-08-15T15:00:00,2438.18
2025-08-15T16:00:00,2569.74
2025-08-15T17:00:00,2668.91
2025-08-15T18:00:00,2582.01
2025-08-15T19:00:00,2476.1
2025-08-15T20:00:00,2365.07
2025-08-15T21:00:00,2266.7
2025-08-15T22:00:00,2175.79
2025-08-15T23:00:00,2047.82
2025-08-16T00:00:00,1951.8
2025-08-16T01:00:00,1853.7
2025-08-16T02:00:00,1782.74
2025-08-16T03:00:00,1722.73
2025-08-16T04:00:00,1665.7
2025-08-16T05:00:00,1650.7
2025-08-16T06:00:00,1650.25
2025-08-16T07:00:00,1645.12
2025-08-16T08:00:00,1697.88
2025-08-16T09:00:00,1758.78
2025-08-16T10:00:00,1831.67
2025-08-16T11:00:00,1922.04
2025-08-16T12:00:00,2055.74
2025-08-16T13:00:00,2203.08
2025-08-16T14:00:00,2352.37
2025-08-16T15:00:00,2462.52
2025-08-16T16:00:00,2542.58
2025-08-16T17:00:00,2524.01
2025-08-16T18:00:00,2529.1
2025-08-16T19:00:00,2494.3
2025-08-16T20:00:00,2402.29
2025-08-16T21:00:00,2314.35
2025-08-16T22:00:00,2191.28
2025-08-16T23:00:00,2038.17
2025-08-17T00:00:00,1917.99
2025-08-17T01:00:00,1816.22
2025-08-17T02:00:00,1735.18
2025-08-17T03:00:00,1673.09
2025-08-17T04:00:00,1617.88
2025-08-17T05:00:00,1604.63
2025-08-17T06:00:00,1595.37
2025-08-17T07:00:00,1598.24
2025-08-17T08:00:00,1632.62
2025-08-17T09:00:00,1721.2
2025-08-17T10:00:00,1798.43
2025-08-17T11:00:00,1912.32
2025-08-17T12:00:00,2043.69
2025-08-17T13:00:00,2223.16
2025-08-17T14:00:00,2380.24
2025-08-17T15:00:00,2584.49
2025-08-17T16:00:00,2666.92
2025-08-17T17:00:00,2563.26
2025-08-17T18:00:00,2541.25
2025-08-17T19:00:00,2538.55
2025-08-17T20:00:00,2463.66
2025-08-17T21:00:00,2380.0
2025-08-17T22:00:00,2237.84
2025-08-17T23:00:00,2066.11
2025-08-18T00:00:00,1915.13
2025-08-18T01:00:00,1811.26
2025-08-18T02:00:00,1739.31
2025-08-18T03:00:00,1695.99
2025-08-18T04:00:00,1676.57
2025-08-18T05:00:00,1689.61
2025-08-18T06:00:00,1736.18
2025-08-18T07:00:00,1771.76
2025-08-18T08:00:00,1824.82
2025-08-18T09:00:00,1862.2
2025-08-18T10:00:00,1946.54
2025-08-18T11:00:00,2051.49
2025-08-18T12:00:00,2154.16
2025-08-18T13:00:00,2350.0
2025-08-18T14:00:00,2485.07
2025-08-18T15:00:00,2612.21
2025-08-18T16:00:00,2715.42
2025-08-18T17:00:00,2811.08
2025-08-18T18:00:00,2865.11
2025-08-18T19:00:00,2821.28
2025-08-18T20:00:00,2691.27
2025-08-18T21:00:00,2548.69
2025-08-18T22:00:00,2370.23
2025-08-18T23:00:00,2160.84
2025-08-19T00:00:00,1990.63
2025-08-19T01:00:00,1901.72
2025-08-19T02:00:00,1839.76
2025-08-19T03:00:00,1788.61
2025-08-19T04:00:00,1759.59
2025-08-19T05:00:00,1753.55
2025-08-19T06:00:00,1798.13
2025-08-19T07:00:00,1852.85
2025-08-19T08:00:00,1905.71
2025-08-19T09:00:00,1934.84
2025-08-19T10:00:00,2034.42
2025-08-19T11:00:00,2128.34
2025-08-19T12:00:00,2303.19
2025-08-19T13:00:00,2491.0
2025-08-19T14:00:00,2630.08
2025-08-19T15:00:00,2788.07
2025-08-19T16:00:00,2915.17
2025-08-19T17:00:00,2997.82
2025-08-19T18:00:00,2989.17
2025-08-19T19:00:00,2901.18
2025-08-19T20:00:00,2806.09
2025-08-19T21:00:00,2694.92
2025-08-19T22:00:00,2526.37
2025-08-19T23:00:00,2345.87
2025-08-20T00:00:00,2199.95
2025-08-20T01:00:00,2091.03
2025-08-20T02:00:00,2000.84
2025-08-20T03:00:00,1937.9
2025-08-20T04:00:00,1869.93
2025-08-20T05:00:00,1840.86
2025-08-20T06:00:00,1869.48
2025-08-20T07:00:00,1891.47
2025-08-20T08:00:00,1955.74
2025-08-20T09:00:00,2026.9
2025-08-20T10:00:00,2112.27
2025-08-20T11:00:00,2264.34
2025-08-20T12:00:00,2450.15
2025-08-20T13:00:00,2679.96
2025-08-20T14:00:00,2841.07
2025-08-20T15:00:00,2957.44
2025-08-20T16:00:00,3007.08
2025-08-20T17:00:00,3122.87
2025-08-20T18:00:00,3117.47
2025-08-20T19:00:00,2920.51
2025-08-20T20:00:00,2721.67
2025-08-20T21:00:00,2585.27
2025-08-20T22:00:00,2445.82
2025-08-20T23:00:00,2247.98
2025-08-21T00:00:00,2102.9
2025-08-21T01:00:00,1984.04
2025-08-21T02:00:00,1924.95
2025-08-21T03:00:00,1861.02
2025-08-21T04:00:00,1821.99
2025-08-21T05:00:00,1816.93
2025-08-21T06:00:00,1854.19
2025-08-21T07:00:00,1900.39
2025-08-21T08:00:00,1947.42
2025-08-21T09:00:00,2014.78
2025-08-21T10:00:00,2142.29
2025-08-21T11:00:00,2305.51
2025-08-21T12:00:00,2508.17
2025-08-21T13:00:00,2741.28
2025-08-21T14:00:00,2919.12
2025-08-21T15:00:00,3007.15
2025-08-21T16:00:00,3078.02
2025-08-21T17:00:00,3146.19
2025-08-21T18:00:00,3178.52
2025-08-21T19:00:00,3113.32
2025-08-21T20:00:00,2976.47
2025-08-21T21:00:00,2827.24
2025-08-21T22:00:00,2606.78
2025-08-21T23:00:00,2411.17
2025-08-22T00:00:00,2225.14
2025-08-22T01:00:00,2086.37
2025-08-22T02:00:00,1927.3
2025-08-22T03:00:00,1768.85
2025-08-22T04:00:00,1812.54
2025-08-22T05:00:00,1818.61
2025-08-22T06:00:00,1832.13
2025-08-22T07:00:00,1879.42
2025-08-22T08:00:00,1870.55
2025-08-22T09:00:00,2029.42
2025-08-22T10:00:00,2158.07
2025-08-22T11:00:00,2281.93
2025-08-22T12:00:00,2431.74
2025-08-22T13:00:00,2614.34
2025-08-22T14:00:00,2756.39
2025-08-22T15:00:00,2882.72
2025-08-22T16:00:00,3020.99
2025-08-22T17:00:00,3104.43
2025-08-22T18:00:00,3154.03
2025-08-22T19:00:00,3065.88
2025-08-22T20:00:00,2960.14
2025-08-22T21:00:00,2790.67
2025-08-22T22:00:00,2652.11
2025-08-22T23:00:00,2451.15
2025-08-23T00:00:00,2295.21
2025-08-23T01:00:00,2136.04
2025-08-23T02:00:00,2024.57
2025-08-23T03:00:00,1964.58
2025-08-23T04:00:00,1897.58
2025-08-23T05:00:00,1866.51
2025-08-23T06:00:00,1860.23
2025-08-23T07:00:00,1846.7
2025-08-23T08:00:00,1896.41
2025-08-23T09:00:00,1975.07
2025-08-23T10:00:00,2124.67
2025-08-23T11:00:00,2291.63
2025-08-23T12:00:00,2490.86
2025-08-23T13:00:00,2652.11
2025-08-23T14:00:00,2790.03
2025-08-23T15:00:00,2908.37
2025-08-23T16:00:00,2985.45
2025-08-23T17:00:00,3057.14
2025-08-23T18:00:00,3080.08
2025-08-23T19:00:00,3018.35
2025-08-23T20:00:00,2879.68
2025-08-23T21:00:00,2705.41
2025-08-23T22:00:00,2577.2
2025-08-23T23:00:00,2357.89
2025-08-24T00:00:00,2214.71
2025-08-24T01:00:00,2050.77
2025-08-24T02:00:00,1964.76
2025-08-24T03:00:00,1860.73
2025-08-24T04:00:00,1808.78
2025-08-24T05:00:00,1782.75
2025-08-24T06:00:00,1751.2
2025-08-24T07:00:00,1739.31
2025-08-24T08:00:00,1778.35
2025-08-24T09:00:00,1792.11
2025-08-24T10:00:00,2017.62
2025-08-24T11:00:00,2188.84
2025-08-24T12:00:00,2381.13
2025-08-24T13:00:00,2521.33
2025-08-24T14:00:00,2694.27
2025-08-24T15:00:00,2834.62
2025-08-24T16:00:00,2948.22
2025-08-24T17:00:00,3067.87
2025-08-24T18:00:00,3118.2
2025-08-24T19:00:00,3019.17
2025-08-24T20:00:00,2876.02
2025-08-24T21:00:00,2749.4
2025-08-24T22:00:00,2602.79
2025-08-24T23:00:00,2400.02
2025-08-25T00:00:00,2273.21
2025-08-25T01:00:00,2144.32
2025-08-25T02:00:00,2045.69
2025-08-25T03:00:00,1967.6
2025-08-25T04:00:00,1894.73
2025-08-25T05:00:00,1888.97
2025-08-25T06:00:00,1925.74
2025-08-25T07:00:00,1966.58
2025-08-25T08:00:00,2031.51
2025-08-25T09:00:00,2052.52
2025-08-25T10:00:00,2119.43
2025-08-25T11:00:00,2148.81
2025-08-25T12:00:00,2254.63
2025-08-25T13:00:00,2376.15
2025-08-25T14:00:00,2505.32
2025-08-25T15:00:00,2676.26
2025-08-25T16:00:00,2549.53
2025-08-25T17:00:00,2350.84
2025-08-25T18:00:00,2231.81
2025-08-25T19:00:00,2164.32
2025-08-25T20:00:00,2140.78
2025-08-25T21:00:00,2062.94
2025-08-25T22:00:00,1978.12
2025-08-25T23:00:00,1852.88
2025-08-26T00:00:00,1643.83
2025-08-26T01:00:00,1673.83
2025-08-26T02:00:00,1548.79
2025-08-26T03:00:00,1572.75
2025-08-26T04:00:00,1535.75
2025-08-26T05:00:00,1590.76
2025-08-26T06:00:00,1642.36
2025-08-26T07:00:00,1675.45
2025-08-26T08:00:00,1745.19
2025-08-26T09:00:00,1771.0
2025-08-26T10:00:00,1678.26
2025-08-26T11:00:00,1813.2
2025-08-26T12:00:00,1777.12
2025-08-26T13:00:00,1953.1
2025-08-26T14:00:00,2041.26
2025-08-26T15:00:00,2176.85
2025-08-26T16:00:00,2304.25
2025-08-26T17:00:00,2333.07
2025-08-26T18:00:00,2465.12
2025-08-26T19:00:00,2402.64
2025-08-26T20:00:00,2254.0
2025-08-26T21:00:00,2134.56
2025-08-26T22:00:00,2007.18
2025-08-26T23:00:00,1861.08
2025-08-27T00:00:00,1788.93
2025-08-27T01:00:00,1753.97
2025-08-27T02:00:00,1587.97
2025-08-27T03:00:00,1611.97
2025-08-27T04:00:00,1588.5
2025-08-27T05:00:00,1580.39
2025-08-27T06:00:00,1612.29
2025-08-27T07:00:00,1650.53
2025-08-27T08:00:00,1680.13
2025-08-27T09:00:00,1722.27
2025-08-27T10:00:00,1786.63
2025-08-27T11:00:00,1802.6
2025-08-27T12:00:00,1863.87
2025-08-27T13:00:00,1978.29
2025-08-27T14:00:00,2126.98
2025-08-27T15:00:00,2145.87
2025-08-27T16:00:00,2239.06
2025-08-27T17:00:00,2403.63
2025-08-27T18:00:00,2447.23
2025-08-27T19:00:00,2416.64
2025-08-27T20:00:00,2351.2
2025-08-27T21:00:00,2270.04
2025-08-27T22:00:00,2150.95
2025-08-27T23:00:00,2003.75
2025-08-28T00:00:00,1875.7
2025-08-28T01:00:00,1782.84
2025-08-28T02:00:00,1720.78
2025-08-28T03:00:00,1661.68
2025-08-28T04:00:00,1628.72
2025-08-28T05:00:00,1614.69
2025-08-28T06:00:00,1651.33
2025-08-28T07:00:00,1690.41
2025-08-28T08:00:00,1721.12
2025-08-28T09:00:00,1773.6
2025-08-28T10:00:00,1834.3
2025-08-28T11:00:00,1962.14
2025-08-28T12:00:00,2109.63
2025-08-28T13:00:00,2263.03
2025-08-28T14:00:00,2399.92
2025-08-28T15:00:00,2521.92
2025-08-28T16:00:00,2622.22
2025-08-28T17:00:00,2713.75
2025-08-28T18:00:00,2731.13
2025-08-28T19:00:00,2667.49
2025-08-28T20:00:00,2606.59
2025-08-28T21:00:00,2508.16
2025-08-28T22:00:00,2367.75
2025-08-28T23:00:00,2188.03
2025-08-29T00:00:00,2033.86
2025-08-29T01:00:00,1929.58
2025-08-29T02:00:00,1864.6
2025-08-29T03:00:00,1805.65
2025-08-29T04:00:00,1734.85
2025-08-29T05:00:00,1706.9
2025-08-29T06:00:00,1744.5
2025-08-29T07:00:00,1770.46
2025-08-29T08:00:00,1784.07
2025-08-29T09:00:00,1843.85
2025-08-29T10:00:00,1878.72
2025-08-29T11:00:00,1829.02
2025-08-29T12:00:00,1922.05
2025-08-29T13:00:00,2083.0
2025-08-29T14:00:00,2247.72
2025-08-29T15:00:00,2398.14
2025-08-29T16:00:00,2540.25
2025-08-29T17:00:00,2644.79
2025-08-29T18:00:00,2707.22
2025-08-29T19:00:00,2633.96
2025-08-29T20:00:00,2507.71
2025-08-29T21:00:00,2388.85
2025-08-29T22:00:00,2245.63
2025-08-29T23:00:00,2085.25
2025-08-30T00:00:00,1947.98
2025-08-30T01:00:00,1831.8
2025-08-30T02:00:00,1752.62
2025-08-30T03:00:00,1668.56
2025-08-30T04:00:00,1624.67
2025-08-30T05:00:00,1607.64
2025-08-30T06:00:00,1611.22
2025-08-30T07:00:00,1605.43
2025-08-30T08:00:00,1627.83
2025-08-30T09:00:00,1709.91
2025-08-30T10:00:00,1808.57
2025-08-30T11:00:00,1931.8
2025-08-30T12:00:00,2087.18
2025-08-30T13:00:00,2221.95
2025-08-30T14:00:00,2369.02
2025-08-30T15:00:00,2512.83
2025-08-30T16:00:00,2627.87
2025-08-30T17:00:00,2721.42
2025-08-30T18:00:00,2768.96
2025-08-30T19:00:00,2706.32
2025-08-30T20:00:00,2568.95
2025-08-30T21:00:00,2419.56
2025-08-30T22:00:00,2269.08
2025-08-30T23:00:00,2068.13
2025-08-31T00:00:00,1955.81
2025-08-31T01:00:00,1834.65
2025-08-31T02:00:00,1734.7
2025-08-31T03:00:00,1661.7
2025-08-31T04:00:00,1618.67
2025-08-31T05:00:00,1593.74
2025-08-31T06:00:00,1596.31
2025-08-31T07:00:00,1585.39
2025-08-31T08:00:00,1621.87
2025-08-31T09:00:00,1712.2
2025-08-31T10:00:00,1831.86
2025-08-31T11:00:00,1983.94
2025-08-31T12:00:00,2122.08
2025-08-31T13:00:00,2287.1
2025-08-31T14:00:00,2451.09
2025-08-31T15:00:00,2618.03
2025-08-31T16:00:00,2738.23
2025-08-31T17:00:00,2847.63
2025-08-31T18:00:00,2867.42
2025-08-31T19:00:00,2766.54
2025-08-31T20:00:00,2616.76
2025-08-31T21:00:00,2461.69
2025-08-31T22:00:00,2303.93
2025-08-31T23:00:00,2135.95
2025-09-01T00:00:00,2025.86
2025-09-01T01:00:00,1931.79
2025-09-01T02:00:00,1847.81
2025-09-01T03:00:00,1783.79
2025-09-01T04:00:00,1740.74
2025-09-01T05:00:00,1723.75
2025-09-01T06:00:00,1736.98
2025-09-01T07:00:00,1736.3
2025-09-01T08:00:00,1760.02
2025-09-01T09:00:00,1797.95
2025-09-01T10:00:00,1924.08
2025-09-01T11:00:00,2081.72
2025-09-01T12:00:00,2225.66
2025-09-01T13:00:00,2336.66
2025-09-01T14:00:00,2498.84
2025-09-01T15:00:00,2615.01
2025-09-01T16:00:00,2649.95
2025-09-01T17:00:00,2724.36
2025-09-01T18:00:00,2699.59
2025-09-01T19:00:00,2610.27
2025-09-01T20:00:00,2553.12
2025-09-01T21:00:00,2445.13
2025-09-01T22:00:00,2321.47
2025-09-01T23:00:00,2184.73
2025-09-02T00:00:00,2038.74
2025-09-02T01:00:00,1938.77
2025-09-02T02:00:00,1886.76
2025-09-02T03:00:00,1845.85
2025-09-02T04:00:00,1819.73
2025-09-02T05:00:00,1826.59
2025-09-02T06:00:00,1856.63
2025-09-02T07:00:00,1898.52
2025-09-02T08:00:00,1922.16
2025-09-02T09:00:00,1986.3
2025-09-02T10:00:00,2045.01
2025-09-02T11:00:00,2123.02
2025-09-02T12:00:00,2220.93
2025-09-02T13:00:00,2335.82
2025-09-02T14:00:00,2461.81
2025-09-02T15:00:00,2612.53
2025-09-02T16:00:00,2694.06
2025-09-02T17:00:00,2794.25
2025-09-02T18:00:00,2738.32
2025-09-02T19:00:00,2623.39
2025-09-02T20:00:00,2532.44
2025-09-02T21:00:00,2399.44
2025-09-02T22:00:00,2226.5
2025-09-02T23:00:00,2065.49
2025-09-03T00:00:00,1940.43
2025-09-03T01:00:00,1836.5
2025-09-03T02:00:00,1769.5
2025-09-03T03:00:00,1718.48
2025-09-03T04:00:00,1694.49
2025-09-03T05:00:00,1680.52
2025-09-03T06:00:00,1694.52
2025-09-03T07:00:00,1727.45
2025-09-03T08:00:00,1746.06
2025-09-03T09:00:00,1783.0
2025-09-03T10:00:00,1912.17
2025-09-03T11:00:00,1963.55
2025-09-03T12:00:00,2063.34
2025-09-03T13:00:00,2214.19
2025-09-03T14:00:00,2368.42
2025-09-03T15:00:00,2479.86
2025-09-03T16:00:00,2539.16
2025-09-03T17:00:00,2602.83
2025-09-03T18:00:00,2641.94
2025-09-03T19:00:00,2544.25
2025-09-03T20:00:00,2423.88
2025-09-03T21:00:00,2305.77
2025-09-03T22:00:00,2177.87
2025-09-03T23:00:00,2040.23
2025-09-04T00:00:00,1902.36
2025-09-04T01:00:00,1798.23
2025-09-04T02:00:00,1726.52
2025-09-04T03:00:00,1688.6
2025-09-04T04:00:00,1650.55
2025-09-04T05:00:00,1652.59
2025-09-04T06:00:00,1691.75
2025-09-04T07:00:00,1741.61
2025-09-04T08:00:00,1757.16
2025-09-04T09:00:00,1777.14
2025-09-04T10:00:00,1836.81
2025-09-04T11:00:00,1898.19
2025-09-04T12:00:00,2050.1
2025-09-04T13:00:00,2122.36
2025-09-04T14:00:00,2087.09
2025-09-04T15:00:00,2105.59
2025-09-04T16:00:00,2128.11
2025-09-04T17:00:00,2197.4
2025-09-04T18:00:00,2229.96
2025-09-04T19:00:00,2197.29
2025-09-04T20:00:00,2165.86
2025-09-04T21:00:00,2118.1
2025-09-04T22:00:00,2009.78
2025-09-04T23:00:00,1879.69
2025-09-05T00:00:00,1768.14
2025-09-05T01:00:00,1680.89
2025-09-05T02:00:00,1637.88
2025-09-05T03:00:00,1583.55
2025-09-05T04:00:00,1565.51
2025-09-05T05:00:00,1565.69
2025-09-05T06:00:00,1569.76
2025-09-05T07:00:00,1633.53
2025-09-05T08:00:00,1663.79
2025-09-05T09:00:00,1650.6
2025-09-05T10:00:00,1656.68
2025-09-05T11:00:00,1728.57
2025-09-05T12:00:00,1863.63
2025-09-05T13:00:00,1957.98
2025-09-05T14:00:00,2107.74
2025-09-05T15:00:00,2215.66
2025-09-05T16:00:00,2297.43
2025-09-05T17:00:00,2336.42
2025-09-05T18:00:00,2354.77
2025-09-05T19:00:00,2311.34
2025-09-05T20:00:00,2227.04
2025-09-05T21:00:00,2133.62
2025-09-05T22:00:00,2027.11
2025-09-05T23:00:00,1904.78
2025-09-06T00:00:00,1785.76
2025-09-06T01:00:00,1690.71
2025-09-06T02:00:00,1712.7
2025-09-06T03:00:00,1656.66
2025-09-06T04:00:00,1615.72
2025-09-06T05:00:00,1590.71
2025-09-06T06:00:00,1597.3
2025-09-06T07:00:00,1561.55
2025-09-06T08:00:00,1615.77
2025-09-06T09:00:00,1646.35
2025-09-06T10:00:00,1752.76
2025-09-06T11:00:00,1707.7
2025-09-06T12:00:00,1852.16
2025-09-06T13:00:00,2007.69
2025-09-06T14:00:00,2184.86
2025-09-06T15:00:00,2336.13
2025-09-06T16:00:00,2427.19
2025-09-06T17:00:00,2566.25
2025-09-06T18:00:00,2559.94
2025-09-06T19:00:00,2408.0
2025-09-06T20:00:00,2261.23
2025-09-06T21:00:00,2137.6
2025-09-06T22:00:00,2037.11
2025-09-06T23:00:00,1921.0
2025-09-07T00:00:00,1742.79
2025-09-07T01:00:00,1746.66
2025-09-07T02:00:00,1626.65
2025-09-07T03:00:00,1561.69
2025-09-07T04:00:00,1550.63
2025-09-07T05:00:00,1480.65
2025-09-07T06:00:00,1534.92
2025-09-07T07:00:00,1544.91
2025-09-07T08:00:00,1571.71
2025-09-07T09:00:00,1609.01
2025-09-07T10:00:00,1720.83
2025-09-07T11:00:00,1841.62
2025-09-07T12:00:00,1982.03
2025-09-07T13:00:00,2123.73
2025-09-07T14:00:00,2293.74
2025-09-07T15:00:00,2454.85
2025-09-07T16:00:00,2554.24
2025-09-07T17:00:00,2604.1
2025-09-07T18:00:00,2710.98
2025-09-07T19:00:00,2644.71
2025-09-07T20:00:00,2539.95
2025-09-07T21:00:00,2417.19
2025-09-07T22:00:00,2293.6
2025-09-07T23:00:00,2084.76
2025-09-08T00:00:00,1953.71
2025-09-08T01:00:00,1841.71
2025-09-08T02:00:00,1754.68
2025-09-08T03:00:00,1698.68
2025-09-08T04:00:00,1657.63
2025-09-08T05:00:00,1667.68
2025-09-08T06:00:00,1706.79
2025-09-08T07:00:00,1752.7
2025-09-08T08:00:00,1806.85
2025-09-08T09:00:00,1832.88
2025-09-08T10:00:00,1908.84
2025-09-08T11:00:00,2018.5
2025-09-08T12:00:00,2163.97
2025-09-08T13:00:00,2327.8
2025-09-08T14:00:00,2454.71
2025-09-08T15:00:00,2553.09
2025-09-08T16:00:00,2641.77
2025-09-08T17:00:00,2755.55
2025-09-08T18:00:00,2800.78
2025-09-08T19:00:00,2708.95
2025-09-08T20:00:00,2597.84
2025-09-08T21:00:00,2482.7
2025-09-08T22:00:00,2318.02
2025-09-08T23:00:00,2112.15
2025-09-09T00:00:00,1956.23
2025-09-09T01:00:00,1837.15
2025-09-09T02:00:00,1745.77
2025-09-09T03:00:00,1652.66
2025-09-09T04:00:00,1625.66
2025-09-09T05:00:00,1618.57
2025-09-09T06:00:00,1654.68
2025-09-09T07:00:00,1699.7
2025-09-09T08:00:00,1745.57
2025-09-09T09:00:00,1788.27
2025-09-09T10:00:00,1847.38
2025-09-09T11:00:00,1957.4
2025-09-09T12:00:00,2123.03
2025-09-09T13:00:00,2290.46
2025-09-09T14:00:00,2402.18
2025-09-09T15:00:00,2573.55
2025-09-09T16:00:00,2671.47
2025-09-09T17:00:00,2792.81
2025-09-09T18:00:00,2832.89
2025-09-09T19:00:00,2718.97
2025-09-09T20:00:00,2598.52
2025-09-09T21:00:00,2450.31
2025-09-09T22:00:00,2281.5
2025-09-09T23:00:00,2109.85
2025-09-10T00:00:00,1949.83
2025-09-10T01:00:00,1810.97
2025-09-10T02:00:00,1711.58
2025-09-10T03:00:00,1644.68
2025-09-10T04:00:00,1595.66
2025-09-10T05:00:00,1603.66
2025-09-10T06:00:00,1639.86
2025-09-10T07:00:00,1667.02
2025-09-10T08:00:00,1657.64
2025-09-10T09:00:00,1690.94
2025-09-10T10:00:00,1789.58
2025-09-10T11:00:00,1972.83
2025-09-10T12:00:00,2081.05
2025-09-10T13:00:00,2282.12
2025-09-10T14:00:00,2411.96
2025-09-10T15:00:00,2522.06
2025-09-10T16:00:00,2607.5
2025-09-10T17:00:00,2703.65
2025-09-10T18:00:00,2739.5
2025-09-10T19:00:00,2572.08
2025-09-10T20:00:00,2461.55
2025-09-10T21:00:00,2338.68
2025-09-10T22:00:00,2188.68
2025-09-10T23:00:00,2005.73
2025-09-11T00:00:00,1900.73
2025-09-11T01:00:00,1751.67
2025-09-11T02:00:00,1680.7
2025-09-11T03:00:00,1622.71
2025-09-11T04:00:00,1570.6
2025-09-11T05:00:00,1573.62
2025-09-11T06:00:00,1633.64
2025-09-11T07:00:00,1696.65
2025-09-11T08:00:00,1721.0
2025-09-11T09:00:00,1759.71
2025-09-11T10:00:00,1831.64
2025-09-11T11:00:00,1924.34
2025-09-11T12:00:00,2020.93
2025-09-11T13:00:00,2180.4
2025-09-11T14:00:00,2340.73
2025-09-11T15:00:00,2448.83
2025-09-11T16:00:00,2518.2
2025-09-11T17:00:00,2512.33
2025-09-11T18:00:00,2441.21
2025-09-11T19:00:00,2352.22
2025-09-11T20:00:00,2284.86
2025-09-11T21:00:00,2236.93
2025-09-11T22:00:00,2105.71
2025-09-11T23:00:00,1958.62
2025-09-12T00:00:00,1818.7
2025-09-12T01:00:00,1718.09
2025-09-12T02:00:00,1661.03
2025-09-12T03:00:00,1616.27
2025-09-12T04:00:00,1590.34
2025-09-12T05:00:00,1598.16
2025-09-12T06:00:00,1655.01
2025-09-12T07:00:00,1699.28
2025-09-12T08:00:00,1750.26
2025-09-12T09:00:00,1785.49
2025-09-12T10:00:00,1866.66
2025-09-12T11:00:00,1999.13
2025-09-12T12:00:00,2097.07
2025-09-12T13:00:00,2216.87
2025-09-12T14:00:00,2303.12
2025-09-12T15:00:00,2387.13
2025-09-12T16:00:00,2472.12
2025-09-12T17:00:00,2536.04
2025-09-12T18:00:00,2537.13
2025-09-12T19:00:00,2427.85
2025-09-12T20:00:00,2335.45
2025-09-12T21:00:00,2238.01
2025-09-12T22:00:00,2131.29
2025-09-12T23:00:00,1995.51
2025-09-13T00:00:00,1849.77
2025-09-13T01:00:00,1737.97
2025-09-13T02:00:00,1668.04
2025-09-13T03:00:00,1588.53
2025-09-13T04:00:00,1554.62
2025-09-13T05:00:00,1541.8
2025-09-13T06:00:00,1549.75
2025-09-13T07:00:00,1577.13
2025-09-13T08:00:00,1593.62
2025-09-13T09:00:00,1639.11
2025-09-13T10:00:00,1677.61
2025-09-13T11:00:00,1774.53
2025-09-13T12:00:00,1872.83
2025-09-13T13:00:00,1997.47
2025-09-13T14:00:00,2133.43
2025-09-13T15:00:00,2216.93
2025-09-13T16:00:00,2266.99
2025-09-13T17:00:00,2313.43
2025-09-13T18:00:00,2354.15
2025-09-13T19:00:00,2282.1
2025-09-13T20:00:00,2167.2
2025-09-13T21:00:00,2033.72
2025-09-13T22:00:00,1888.99
2025-09-13T23:00:00,1750.03
2025-09-14T00:00:00,1645.72
2025-09-14T01:00:00,1559.6
2025-09-14T02:00:00,1481.62
2025-09-14T03:00:00,1417.59
2025-09-14T04:00:00,1370.65
2025-09-14T05:00:00,1347.71
2025-09-14T06:00:00,1364.72
2025-09-14T07:00:00,1357.69
2025-09-14T08:00:00,1360.47
2025-09-14T09:00:00,1420.58
2025-09-14T10:00:00,1511.33
2025-09-14T11:00:00,1644.67
2025-09-14T12:00:00,1813.43
2025-09-14T13:00:00,1989.1
2025-09-14T14:00:00,2120.31
2025-09-14T15:00:00,2276.98
2025-09-14T16:00:00,2404.94
2025-09-14T17:00:00,2516.73
2025-09-14T18:00:00,2559.65
2025-09-14T19:00:00,2470.81
2025-09-14T20:00:00,2357.52
2025-09-14T21:00:00,2228.59
2025-09-14T22:00:00,2073.09
2025-09-14T23:00:00,1901.37
2025-09-15T00:00:00,1738.69
2025-09-15T01:00:00,1631.73
2025-09-15T02:00:00,1547.61
2025-09-15T03:00:00,1475.74
2025-09-15T04:00:00,1439.73
2025-09-15T05:00:00,1425.63
2025-09-15T06:00:00,1464.71
2025-09-15T07:00:00,1509.91
2025-09-15T08:00:00,1541.71
2025-09-15T09:00:00,1527.44
2025-09-15T10:00:00,1592.46
2025-09-15T11:00:00,1693.36
2025-09-15T12:00:00,1849.24
2025-09-15T13:00:00,2010.1
2025-09-15T14:00:00,2164.82
2025-09-15T15:00:00,2438.24
2025-09-15T16:00:00,2564.88
2025-09-15T17:00:00,2609.48
2025-09-15T18:00:00,2641.84
2025-09-15T19:00:00,2506.48
2025-09-15T20:00:00,2422.56
2025-09-15T21:00:00,2278.4
2025-09-15T22:00:00,2101.04
2025-09-15T23:00:00,1921.72
2025-09-16T00:00:00,1778.74
2025-09-16T01:00:00,1682.69
2025-09-16T02:00:00,1615.52
2025-09-16T03:00:00,1531.65
2025-09-16T04:00:00,1501.75
2025-09-16T05:00:00,1519.84
2025-09-16T06:00:00,1550.62
2025-09-16T07:00:00,1576.57
2025-09-16T08:00:00,1613.24
2025-09-16T09:00:00,1662.87
2025-09-16T10:00:00,1666.47
2025-09-16T11:00:00,1765.92
2025-09-16T12:00:00,1904.12
2025-09-16T13:00:00,2083.97
2025-09-16T14:00:00,2262.97
2025-09-16T15:00:00,2420.83
2025-09-16T16:00:00,2507.73
2025-09-16T17:00:00,2512.9
2025-09-16T18:00:00,2401.39
2025-09-16T19:00:00,2299.22
2025-09-16T20:00:00,2200.56
2025-09-16T21:00:00,2089.48
2025-09-16T22:00:00,2011.9
2025-09-16T23:00:00,1848.81
2025-09-17T00:00:00,1781.78
2025-09-17T01:00:00,1647.75
2025-09-17T02:00:00,1652.79
2025-09-17T03:00:00,1609.77
2025-09-17T04:00:00,1589.7
2025-09-17T05:00:00,1593.67
2025-09-17T06:00:00,1648.69
2025-09-17T07:00:00,1716.94
2025-09-17T08:00:00,1748.28
2025-09-17T09:00:00,1735.58
2025-09-17T10:00:00,1790.93
2025-09-17T11:00:00,1822.92
2025-09-17T12:00:00,1939.36
2025-09-17T13:00:00,2044.66
2025-09-17T14:00:00,2194.43
2025-09-17T15:00:00,2348.08
2025-09-17T16:00:00,2531.83
2025-09-17T17:00:00,2476.46
2025-09-17T18:00:00,2311.84
2025-09-17T19:00:00,2186.61
2025-09-17T20:00:00,2121.16
2025-09-17T21:00:00,2053.99
2025-09-17T22:00:00,1959.61
2025-09-17T23:00:00,1844.26
2025-09-18T00:00:00,1724.23
2025-09-18T01:00:00,1647.72
2025-09-18T02:00:00,1585.57
2025-09-18T03:00:00,1542.06
2025-09-18T04:00:00,1519.23
2025-09-18T05:00:00,1537.9
2025-09-18T06:00:00,1583.06
2025-09-18T07:00:00,1634.61
2025-09-18T08:00:00,1638.46
2025-09-18T09:00:00,1641.28
2025-09-18T10:00:00,1677.77
2025-09-18T11:00:00,1759.52
2025-09-18T12:00:00,1850.51
2025-09-18T13:00:00,2007.84
2025-09-18T14:00:00,2170.9
2025-09-18T15:00:00,2305.9
2025-09-18T16:00:00,2399.9
2025-09-18T17:00:00,2485.12
2025-09-18T18:00:00,2457.67
2025-09-18T19:00:00,2341.45
2025-09-18T20:00:00,2132.86
2025-09-18T21:00:00,2020.16
2025-09-18T22:00:00,1904.0
2025-09-18T23:00:00,1776.94
2025-09-19T00:00:00,1650.01
2025-09-19T01:00:00,1570.96
2025-09-19T02:00:00,1510.0
2025-09-19T03:00:00,1474.0
2025-09-19T04:00:00,1462.95
2025-09-19T05:00:00,1467.98
2025-09-19T06:00:00,1503.0
2025-09-19T07:00:00,1551.98
2025-09-19T08:00:00,1558.49
2025-09-19T09:00:00,1548.79
2025-09-19T10:00:00,1592.62
2025-09-19T11:00:00,1672.13
2025-09-19T12:00:00,1740.29
2025-09-19T13:00:00,1908.35
2025-09-19T14:00:00,2056.39
2025-09-19T15:00:00,2186.97
2025-09-19T16:00:00,2327.67
2025-09-19T17:00:00,2413.83
2025-09-19T18:00:00,2355.45
2025-09-19T19:00:00,2275.27
2025-09-19T20:00:00,2205.7
2025-09-19T21:00:00,2107.62
2025-09-19T22:00:00,2015.41
2025-09-19T23:00:00,1885.47
2025-09-20T00:00:00,1772.77
2025-09-20T01:00:00,1666.53
2025-09-20T02:00:00,1590.75
2025-09-20T03:00:00,1511.28
2025-09-20T04:00:00,1466.31
2025-09-20T05:00:00,1376.38
2025-09-20T06:00:00,1391.43
2025-09-20T07:00:00,1500.26
2025-09-20T08:00:00,1521.19
2025-09-20T09:00:00,1564.64
2025-09-20T10:00:00,1638.54
2025-09-20T11:00:00,1734.46
2025-09-20T12:00:00,1870.22
2025-09-20T13:00:00,2029.85
2025-09-20T14:00:00,2180.08
2025-09-20T15:00:00,2286.53
2025-09-20T16:00:00,2357.41
2025-09-20T17:00:00,2503.06
2025-09-20T18:00:00,2553.89
2025-09-20T19:00:00,2445.39
2025-09-20T20:00:00,2319.62
2025-09-20T21:00:00,2205.94
2025-09-20T22:00:00,2073.7
2025-09-20T23:00:00,1934.72
2025-09-21T00:00:00,1817.69
2025-09-21T01:00:00,1705.62
2025-09-21T02:00:00,1617.61
2025-09-21T03:00:00,1556.59
2025-09-21T04:00:00,1522.53
2025-09-21T05:00:00,1499.8
2025-09-21T06:00:00,1491.7
2025-09-21T07:00:00,1496.68
2025-09-21T08:00:00,1520.01
2025-09-21T09:00:00,1582.7
2025-09-21T10:00:00,1767.76
2025-09-21T11:00:00,1864.2
2025-09-21T12:00:00,1925.66
2025-09-21T13:00:00,2108.31
2025-09-21T14:00:00,2343.73
2025-09-21T15:00:00,2310.46
2025-09-21T16:00:00,2342.02
2025-09-21T17:00:00,2302.9
2025-09-21T18:00:00,2205.9
2025-09-21T19:00:00,2086.45
2025-09-21T20:00:00,2021.65
2025-09-21T21:00:00,1952.31
2025-09-21T22:00:00,1839.77
2025-09-21T23:00:00,1744.82
2025-09-22T00:00:00,1636.74
2025-09-22T01:00:00,1550.53
2025-09-22T02:00:00,1509.63
2025-09-22T03:00:00,1500.65
2025-09-22T04:00:00,1477.54
2025-09-22T05:00:00,1509.69
2025-09-22T06:00:00,1557.8
2025-09-22T07:00:00,1610.73
2025-09-22T08:00:00,1626.76
2025-09-22T09:00:00,1663.52
2025-09-22T10:00:00,1701.41
2025-09-22T11:00:00,1761.4
2025-09-22T12:00:00,1872.28
2025-09-22T13:00:00,1973.92
2025-09-22T14:00:00,2099.17
2025-09-22T15:00:00,2207.54
2025-09-22T16:00:00,2306.33
2025-09-22T17:00:00,2348.02
2025-09-22T18:00:00,2443.97
2025-09-22T19:00:00,2380.42
2025-09-22T20:00:00,2313.45
2025-09-22T21:00:00,2188.32
2025-09-22T22:00:00,2059.74
2025-09-22T23:00:00,1897.76
2025-09-23T00:00:00,1763.76
2025-09-23T01:00:00,1662.69
2025-09-23T02:00:00,1594.76
2025-09-23T03:00:00,1543.15
2025-09-23T04:00:00,1515.16
2025-09-23T05:00:00,1524.21
2025-09-23T06:00:00,1576.11
2025-09-23T07:00:00,1616.56
2025-09-23T08:00:00,1639.73
2025-09-23T09:00:00,1654.3
2025-09-23T10:00:00,1691.64
2025-09-23T11:00:00,1766.42
2025-09-23T12:00:00,1908.32
2025-09-23T13:00:00,2088.4
2025-09-23T14:00:00,2243.93
2025-09-23T15:00:00,2388.52
2025-09-23T16:00:00,2508.35
2025-09-23T17:00:00,2611.58
2025-09-23T18:00:00,2659.32
2025-09-23T19:00:00,2553.56
2025-09-23T20:00:00,2450.07
2025-09-23T21:00:00,2300.11
2025-09-23T22:00:00,2153.73
2025-09-23T23:00:00,1982.68
2025-09-24T00:00:00,1838.58
2025-09-24T01:00:00,1731.78
2025-09-24T02:00:00,1655.74
2025-09-24T03:00:00,1597.62
2025-09-24T04:00:00,1556.63
2025-09-24T05:00:00,1563.71
2025-09-24T06:00:00,1606.76
2025-09-24T07:00:00,1631.58
2025-09-24T08:00:00,1657.98
2025-09-24T09:00:00,1663.29
2025-09-24T10:00:00,1728.05
2025-09-24T11:00:00,1856.5
2025-09-24T12:00:00,2010.01
2025-09-24T13:00:00,2200.33
2025-09-24T14:00:00,2386.51
2025-09-24T15:00:00,2542.76
2025-09-24T16:00:00,2657.86
2025-09-24T17:00:00,2742.57
2025-09-24T18:00:00,2790.23
2025-09-24T19:00:00,2682.4
2025-09-24T20:00:00,2553.21
2025-09-24T21:00:00,2395.11
2025-09-24T22:00:00,2237.78
2025-09-24T23:00:00,2046.76
2025-09-25T00:00:00,1896.82
2025-09-25T01:00:00,1789.66
2025-09-25T02:00:00,1722.67
2025-09-25T03:00:00,1649.68
2025-09-25T04:00:00,1617.68
2025-09-25T05:00:00,1613.65
2025-09-25T06:00:00,1647.77
2025-09-25T07:00:00,1700.97
2025-09-25T08:00:00,1731.35
2025-09-25T09:00:00,1771.61
2025-09-25T10:00:00,1867.15
2025-09-25T11:00:00,2042.51
2025-09-25T12:00:00,2106.04
2025-09-25T13:00:00,2269.45
2025-09-25T14:00:00,2441.41
2025-09-25T15:00:00,2305.91
2025-09-25T16:00:00,2334.77
2025-09-25T17:00:00,2369.33
2025-09-25T18:00:00,2352.03
2025-09-25T19:00:00,2279.28
2025-09-25T20:00:00,2194.7
2025-09-25T21:00:00,2092.75
2025-09-25T22:00:00,1991.74
2025-09-25T23:00:00,1842.75
2025-09-26T00:00:00,1712.6
2025-09-26T01:00:00,1616.7
2025-09-26T02:00:00,1549.47
2025-09-26T03:00:00,1507.71
2025-09-26T04:00:00,1491.67
2025-09-26T05:00:00,1505.68
2025-09-26T06:00:00,1556.7
2025-09-26T07:00:00,1606.5
2025-09-26T08:00:00,1665.67
2025-09-26T09:00:00,1676.16
2025-09-26T10:00:00,1643.15
2025-09-26T11:00:00,1769.13
2025-09-26T12:00:00,1745.72
2025-09-26T13:00:00,1724.06
2025-09-26T14:00:00,1802.24
2025-09-26T15:00:00,1918.19
2025-09-26T16:00:00,1913.48
2025-09-26T17:00:00,1925.1
2025-09-26T18:00:00,1910.44
2025-09-26T19:00:00,1892.0
2025-09-26T20:00:00,1839.9
2025-09-26T21:00:00,1793.05
2025-09-26T22:00:00,1737.72
2025-09-26T23:00:00,1647.83
2025-09-27T00:00:00,1558.75
2025-09-27T01:00:00,1478.7
2025-09-27T02:00:00,1412.7
2025-09-27T03:00:00,1372.7
2025-09-27T04:00:00,1349.66
2025-09-27T05:00:00,1347.69
2025-09-27T06:00:00,1365.7
2025-09-27T07:00:00,1375.63
2025-09-27T08:00:00,1346.96
2025-09-27T09:00:00,1338.42
2025-09-27T10:00:00,1374.54
2025-09-27T11:00:00,1422.24
2025-09-27T12:00:00,1566.93
2025-09-27T13:00:00,1617.36
2025-09-27T14:00:00,1668.25
2025-09-27T15:00:00,1686.49
2025-09-27T16:00:00,1724.93
2025-09-27T17:00:00,1877.09
2025-09-27T18:00:00,1932.93
2025-09-27T19:00:00,1907.36
2025-09-27T20:00:00,1851.0
2025-09-27T21:00:00,1795.48
2025-09-27T22:00:00,1725.64
2025-09-27T23:00:00,1631.73
2025-09-28T00:00:00,1531.78
2025-09-28T01:00:00,1458.79
2025-09-28T02:00:00,1399.72
2025-09-28T03:00:00,1361.75
2025-09-28T04:00:00,1343.74
2025-09-28T05:00:00,1335.72
2025-09-28T06:00:00,1350.68
2025-09-28T07:00:00,1358.69
2025-09-28T08:00:00,1346.93
2025-09-28T09:00:00,1343.42
2025-09-28T10:00:00,1355.4
2025-09-28T11:00:00,1408.38
2025-09-28T12:00:00,1511.02
2025-09-28T13:00:00,1608.6
2025-09-28T14:00:00,1732.05
2025-09-28T15:00:00,1859.88
2025-09-28T16:00:00,1975.44
2025-09-28T17:00:00,2047.9
2025-09-28T18:00:00,2114.18
2025-09-28T19:00:00,2058.91
2025-09-28T20:00:00,1987.69
2025-09-28T21:00:00,1890.34
2025-09-28T22:00:00,1772.83
2025-09-28T23:00:00,1652.71
2025-09-29T00:00:00,1542.66
2025-09-29T01:00:00,1460.74
2025-09-29T02:00:00,1398.66
2025-09-29T03:00:00,1364.7
2025-09-29T04:00:00,1345.7
2025-09-29T05:00:00,1346.68
2025-09-29T06:00:00,1404.7
2025-09-29T07:00:00,1446.7
2025-09-29T08:00:00,1437.0
2025-09-29T09:00:00,1415.41
2025-09-29T10:00:00,1408.37
2025-09-29T11:00:00,1450.37
2025-09-29T12:00:00,1538.17
2025-09-29T13:00:00,1665.4
2025-09-29T14:00:00,1794.26
2025-09-29T15:00:00,1915.49
2025-09-29T16:00:00,2045.9
2025-09-29T17:00:00,2165.57
2025-09-29T18:00:00,2210.45
2025-09-29T19:00:00,2141.75
2025-09-29T20:00:00,2037.17
2025-09-29T21:00:00,1940.74
2025-09-29T22:00:00,1829.71
2025-09-29T23:00:00,1687.68
2025-09-30T00:00:00,1575.61
2025-09-30T01:00:00,1469.68
2025-09-30T02:00:00,1416.67
2025-09-30T03:00:00,1374.65
2025-09-30T04:00:00,1349.65
2025-09-30T05:00:00,1368.65
2025-09-30T06:00:00,1416.67
2025-09-30T07:00:00,1473.66
2025-09-30T08:00:00,1478.48
2025-09-30T09:00:00,1452.24
2025-09-30T10:00:00,1461.26
2025-09-30T11:00:00,1487.82
2025-09-30T12:00:00,1604.31
2025-09-30T13:00:00,1711.05
2025-09-30T14:00:00,1844.19
2025-09-30T15:00:00,1987.94
2025-09-30T16:00:00,2107.69
2025-09-30T17:00:00,2213.74
2025-09-30T18:00:00,2245.02
2025-09-30T19:00:00,2160.34
2025-09-30T20:00:00,2054.13
2025-09-30T21:00:00,1934.71
2025-09-30T22:00:00,1822.65
2025-09-30T23:00:00,1704.71
2025-10-01T00:00:00,1579.61
2025-10-01T01:00:00,1500.74
2025-10-01T02:00:00,1436.69
2025-10-01T03:00:00,1403.62
2025-10-01T04:00:00,1376.59
2025-10-01T05:00:00,1382.65
2025-10-01T06:00:00,1420.68
2025-10-01T07:00:00,1472.7
2025-10-01T08:00:00,1468.58
2025-10-01T09:00:00,1430.25
2025-10-01T10:00:00,1418.36
2025-10-01T11:00:00,1464.51
2025-10-01T12:00:00,1565.95
2025-10-01T13:00:00,1696.1
2025-10-01T14:00:00,1841.04
2025-10-01T15:00:00,2003.04
2025-10-01T16:00:00,2165.85
2025-10-01T17:00:00,2290.81
2025-10-01T18:00:00,2327.1
2025-10-01T19:00:00,2205.56
2025-10-01T20:00:00,2085.84
2025-10-01T21:00:00,1965.99
2025-10-01T22:00:00,1852.85
2025-10-01T23:00:00,1714.73
2025-10-02T00:00:00,1580.99
2025-10-02T01:00:00,1491.22
2025-10-02T02:00:00,1419.7
2025-10-02T03:00:00,1378.69
2025-10-02T04:00:00,1344.72
2025-10-02T05:00:00,1339.72
2025-10-02T06:00:00,1381.63
2025-10-02T07:00:00,1435.75
2025-10-02T08:00:00,1424.69
2025-10-02T09:00:00,1403.5
2025-10-02T10:00:00,1409.23
2025-10-02T11:00:00,1501.71
2025-10-02T12:00:00,1637.04
2025-10-02T13:00:00,1809.14
2025-10-02T14:00:00,1987.53
2025-10-02T15:00:00,2158.86
2025-10-02T16:00:00,2320.33
2025-10-02T17:00:00,2433.15
2025-10-02T18:00:00,2458.96
2025-10-02T19:00:00,2337.9
2025-10-02T20:00:00,2203.83
2025-10-02T21:00:00,2074.38
2025-10-02T22:00:00,1953.07
2025-10-02T23:00:00,1802.11
2025-10-03T00:00:00,1656.27
2025-10-03T01:00:00,1569.12
2025-10-03T02:00:00,1498.23
2025-10-03T03:00:00,1441.92
2025-10-03T04:00:00,1387.64
2025-10-03T05:00:00,1397.72
2025-10-03T06:00:00,1444.81
2025-10-03T07:00:00,1492.7
2025-10-03T08:00:00,1488.83
2025-10-03T09:00:00,1483.62
2025-10-03T10:00:00,1546.37
2025-10-03T11:00:00,1643.56
2025-10-03T12:00:00,1773.86
2025-10-03T13:00:00,1931.05
2025-10-03T14:00:00,2099.1
2025-10-03T15:00:00,2238.86
2025-10-03T16:00:00,2350.26
2025-10-03T17:00:00,2439.43
2025-10-03T18:00:00,2448.66
2025-10-03T19:00:00,2314.61
2025-10-03T20:00:00,2182.2
2025-10-03T21:00:00,2055.57
2025-10-03T22:00:00,1942.7
2025-10-03T23:00:00,1808.79
2025-10-04T00:00:00,1679.73
2025-10-04T01:00:00,1580.69
2025-10-04T02:00:00,1485.68
2025-10-04T03:00:00,1432.65
2025-10-04T04:00:00,1387.63
2025-10-04T05:00:00,1365.7
2025-10-04T06:00:00,1369.71
2025-10-04T07:00:00,1365.68
2025-10-04T08:00:00,1360.26
2025-10-04T09:00:00,1339.53
2025-10-04T10:00:00,1355.36
2025-10-04T11:00:00,1375.26
2025-10-04T12:00:00,1463.92
2025-10-04T13:00:00,1574.3
2025-10-04T14:00:00,1648.44
2025-10-04T15:00:00,1770.83
2025-10-04T16:00:00,1906.94
2025-10-04T17:00:00,2008.64
2025-10-04T18:00:00,2037.49
2025-10-04T19:00:00,1961.41
2025-10-04T20:00:00,1877.25
2025-10-04T21:00:00,1789.48
2025-10-04T22:00:00,1693.56
2025-10-04T23:00:00,1585.84
2025-10-05T00:00:00,1464.85
2025-10-05T01:00:00,1379.83
2025-10-05T02:00:00,1330.9
2025-10-05T03:00:00,1293.83
2025-10-05T04:00:00,1275.74
2025-10-05T05:00:00,1262.78
2025-10-05T06:00:00,1273.79
2025-10-05T07:00:00,1271.73
2025-10-05T08:00:00,1249.59
2025-10-05T09:00:00,1208.58
2025-10-05T10:00:00,1195.27
2025-10-05T11:00:00,1203.58
2025-10-05T12:00:00,1265.66
2025-10-05T13:00:00,1355.26
2025-10-05T14:00:00,1484.77
2025-10-05T15:00:00,1643.73
2025-10-05T16:00:00,1788.79
2025-10-05T17:00:00,1931.51
2025-10-05T18:00:00,1983.48
2025-10-05T19:00:00,1918.59
2025-10-05T20:00:00,1823.72
2025-10-05T21:00:00,1716.5
2025-10-05T22:00:00,1609.72
2025-10-05T23:00:00,1515.77
2025-10-06T00:00:00,1432.78
2025-10-06T01:00:00,1353.69
2025-10-06T02:00:00,1302.68
2025-10-06T03:00:00,1286.7
2025-10-06T04:00:00,1272.7
2025-10-06T05:00:00,1281.64
2025-10-06T06:00:00,1338.83
2025-10-06T07:00:00,1375.78
2025-10-06T08:00:00,1336.07
2025-10-06T09:00:00,1277.0
2025-10-06T10:00:00,1236.1
2025-10-06T11:00:00,1262.23
2025-10-06T12:00:00,1335.52
2025-10-06T13:00:00,1448.04
2025-10-06T14:00:00,1594.13
2025-10-06T15:00:00,1738.74
2025-10-06T16:00:00,1894.8
2025-10-06T17:00:00,2059.74
2025-10-06T18:00:00,2093.18
2025-10-06T19:00:00,1999.82
2025-10-06T20:00:00,1890.37
2025-10-06T21:00:00,1770.94
2025-10-06T22:00:00,1682.66
2025-10-06T23:00:00,1563.64
2025-10-07T00:00:00,1464.72
2025-10-07T01:00:00,1386.81
2025-10-07T02:00:00,1324.66
2025-10-07T03:00:00,1296.7
2025-10-07T04:00:00,1292.7
2025-10-07T05:00:00,1299.64
2025-10-07T06:00:00,1354.7
2025-10-07T07:00:00,1376.69
2025-10-07T08:00:00,1346.3
2025-10-07T09:00:00,1298.21
2025-10-07T10:00:00,1301.3
2025-10-07T11:00:00,1301.67
2025-10-07T12:00:00,1410.08
2025-10-07T13:00:00,1538.88
2025-10-07T14:00:00,1718.26
2025-10-07T15:00:00,1902.75
2025-10-07T16:00:00,2088.37
2025-10-07T17:00:00,2234.25
2025-10-07T18:00:00,2258.98
2025-10-07T19:00:00,2147.59
2025-10-07T20:00:00,2012.65
2025-10-07T21:00:00,1885.88
2025-10-07T22:00:00,1764.37
2025-10-07T23:00:00,1613.76
2025-10-08T00:00:00,1479.78
2025-10-08T01:00:00,1396.85
2025-10-08T02:00:00,1345.64
2025-10-08T03:00:00,1309.69
2025-10-08T04:00:00,1313.79
2025-10-08T05:00:00,1326.76
2025-10-08T06:00:00,1367.79
2025-10-08T07:00:00,1394.72
2025-10-08T08:00:00,1380.46
2025-10-08T09:00:00,1345.47
2025-10-08T10:00:00,1392.34
2025-10-08T11:00:00,1498.83
2025-10-08T12:00:00,1652.75
2025-10-08T13:00:00,1813.15
2025-10-08T14:00:00,1968.2
2025-10-08T15:00:00,2063.83
2025-10-08T16:00:00,2166.82
2025-10-08T17:00:00,2172.14
2025-10-08T18:00:00,2181.08
2025-10-08T19:00:00,2161.59
2025-10-08T20:00:00,2120.76
2025-10-08T21:00:00,2042.02
2025-10-08T22:00:00,1962.54
2025-10-08T23:00:00,1850.8
2025-10-09T00:00:00,1740.69
2025-10-09T01:00:00,1658.77
2025-10-09T02:00:00,1593.56
2025-10-09T03:00:00,1565.57
2025-10-09T04:00:00,1549.68
2025-10-09T05:00:00,1554.7
2025-10-09T06:00:00,1594.7
2025-10-09T07:00:00,1630.69
2025-10-09T08:00:00,1632.87
2025-10-09T09:00:00,1658.69
2025-10-09T10:00:00,1709.04
2025-10-09T11:00:00,1732.91
2025-10-09T12:00:00,1748.77
2025-10-09T13:00:00,1821.44
2025-10-09T14:00:00,2064.56
2025-10-09T15:00:00,2100.65
2025-10-09T16:00:00,2158.63
2025-10-09T17:00:00,2119.0
2025-10-09T18:00:00,2130.97
2025-10-09T19:00:00,2082.64
2025-10-09T20:00:00,2034.41
2025-10-09T21:00:00,1979.12
2025-10-09T22:00:00,1899.65
2025-10-09T23:00:00,1782.64
2025-10-10T00:00:00,1684.71
2025-10-10T01:00:00,1595.69
2025-10-10T02:00:00,1543.59
2025-10-10T03:00:00,1496.67
2025-10-10T04:00:00,1464.67
2025-10-10T05:00:00,1455.65
2025-10-10T06:00:00,1502.7
2025-10-10T07:00:00,1533.66
2025-10-10T08:00:00,1557.75
2025-10-10T09:00:00,1601.54
2025-10-10T10:00:00,1647.17
2025-10-10T11:00:00,1764.74
2025-10-10T12:00:00,1897.26
2025-10-10T13:00:00,2046.31
2025-10-10T14:00:00,2187.46
2025-10-10T15:00:00,2215.77
2025-10-10T16:00:00,2276.39
2025-10-10T17:00:00,2306.63
2025-10-10T18:00:00,2277.97
2025-10-10T19:00:00,2231.89
2025-10-10T20:00:00,2132.9
2025-10-10T21:00:00,2047.93
2025-10-10T22:00:00,1962.8
2025-10-10T23:00:00,1881.67
2025-10-11T00:00:00,1756.77
2025-10-11T01:00:00,1624.76
2025-10-11T02:00:00,1579.62
2025-10-11T03:00:00,1524.66
2025-10-11T04:00:00,1473.7
2025-10-11T05:00:00,1478.65
2025-10-11T06:00:00,1438.68
2025-10-11T07:00:00,1510.7
2025-10-11T08:00:00,1519.17
2025-10-11T09:00:00,1542.08
2025-10-11T10:00:00,1541.93
2025-10-11T11:00:00,1631.16
2025-10-11T12:00:00,1676.96
2025-10-11T13:00:00,1733.76
2025-10-11T14:00:00,1812.35
2025-10-11T15:00:00,1923.91
2025-10-11T16:00:00,1949.78
2025-10-11T17:00:00,1935.56
2025-10-11T18:00:00,1899.08
2025-10-11T19:00:00,1894.43
2025-10-11T20:00:00,1846.86
2025-10-11T21:00:00,1793.09
2025-10-11T22:00:00,1739.34
2025-10-11T23:00:00,1665.78
2025-10-12T00:00:00,1598.76
2025-10-12T01:00:00,1522.73
2025-10-12T02:00:00,1468.74
2025-10-12T03:00:00,1437.72
2025-10-12T04:00:00,1413.65
2025-10-12T05:00:00,1397.71
2025-10-12T06:00:00,1415.7
2025-10-12T07:00:00,1432.72
2025-10-12T08:00:00,1419.33
2025-10-12T09:00:00,1437.62
2025-10-12T10:00:00,1493.45
2025-10-12T11:00:00,1597.63
2025-10-12T12:00:00,1664.92
2025-10-12T13:00:00,1722.65
2025-10-12T14:00:00,1756.78
2025-10-12T15:00:00,1896.01
2025-10-12T16:00:00,1811.87
2025-10-12T17:00:00,1872.0
2025-10-12T18:00:00,1868.56
2025-10-12T19:00:00,1822.61
2025-10-12T20:00:00,1750.88
2025-10-12T21:00:00,1704.4
2025-10-12T22:00:00,1624.51
2025-10-12T23:00:00,1548.88
2025-10-13T00:00:00,1470.85
2025-10-13T01:00:00,1406.79
2025-10-13T02:00:00,1367.61
2025-10-13T03:00:00,1324.69
2025-10-13T04:00:00,1298.64
2025-10-13T05:00:00,1310.69
2025-10-13T06:00:00,1363.69
2025-10-13T07:00:00,1423.67
2025-10-13T08:00:00,1455.66
2025-10-13T09:00:00,1447.47
2025-10-13T10:00:00,1514.1
2025-10-13T11:00:00,1523.17
2025-10-13T12:00:00,1542.88
2025-10-13T13:00:00,1520.85
2025-10-13T14:00:00,1452.5
2025-10-13T15:00:00,1593.94
2025-10-13T16:00:00,1606.73
2025-10-13T17:00:00,1668.37
2025-10-13T18:00:00,1702.19
2025-10-13T19:00:00,1727.43
2025-10-13T20:00:00,1691.51
2025-10-13T21:00:00,1633.17
2025-10-13T22:00:00,1569.77
2025-10-13T23:00:00,1464.63
2025-10-14T00:00:00,1375.79
2025-10-14T01:00:00,1311.81
2025-10-14T02:00:00,1269.74
2025-10-14T03:00:00,1245.75
2025-10-14T04:00:00,1237.72
2025-10-14T05:00:00,1247.72
2025-10-14T06:00:00,1294.66
2025-10-14T07:00:00,1354.76
2025-10-14T08:00:00,1351.26
2025-10-14T09:00:00,1276.27
2025-10-14T10:00:00,1233.38
2025-10-14T11:00:00,1209.23
2025-10-14T12:00:00,1218.23
2025-10-14T13:00:00,1261.76
2025-10-14T14:00:00,1343.63
2025-10-14T15:00:00,1463.85
2025-10-14T16:00:00,1609.99
2025-10-14T17:00:00,1714.82
2025-10-14T18:00:00,1776.95
2025-10-14T19:00:00,1756.53
2025-10-14T20:00:00,1700.42
2025-10-14T21:00:00,1630.4
2025-10-14T22:00:00,1556.49
2025-10-14T23:00:00,1456.73
2025-10-15T00:00:00,1370.78
2025-10-15T01:00:00,1303.69
2025-10-15T02:00:00,1260.66
2025-10-15T03:00:00,1228.69
2025-10-15T04:00:00,1231.69
2025-10-15T05:00:00,1235.61
2025-10-15T06:00:00,1271.71
2025-10-15T07:00:00,1330.43
2025-10-15T08:00:00,1310.4
2025-10-15T09:00:00,1235.7
2025-10-15T10:00:00,1184.08
2025-10-15T11:00:00,1178.35
2025-10-15T12:00:00,1166.78
2025-10-15T13:00:00,1222.98
2025-10-15T14:00:00,1322.12
2025-10-15T15:00:00,1426.79
2025-10-15T16:00:00,1566.78
2025-10-15T17:00:00,1683.9
2025-10-15T18:00:00,1728.06
2025-10-15T19:00:00,1697.5
2025-10-15T20:00:00,1655.51
2025-10-15T21:00:00,1586.53
2025-10-15T22:00:00,1518.9
2025-10-15T23:00:00,1429.36
2025-10-16T00:00:00,1330.74
2025-10-16T01:00:00,1271.72
2025-10-16T02:00:00,1241.72
2025-10-16T03:00:00,1210.7
2025-10-16T04:00:00,1196.72
2025-10-16T05:00:00,1210.64
2025-10-16T06:00:00,1272.7
2025-10-16T07:00:00,1337.7
2025-10-16T08:00:00,1319.13
2025-10-16T09:00:00,1219.19
2025-10-16T10:00:00,1155.07
2025-10-16T11:00:00,1121.45
2025-10-16T12:00:00,1106.1
2025-10-16T13:00:00,1163.34
2025-10-16T14:00:00,1241.0
2025-10-16T15:00:00,1339.74
2025-10-16T16:00:00,1458.7
2025-10-16T17:00:00,1603.64
2025-10-16T18:00:00,1678.16
2025-10-16T19:00:00,1672.55
2025-10-16T20:00:00,1627.26
2025-10-16T21:00:00,1570.13
2025-10-16T22:00:00,1503.85
2025-10-16T23:00:00,1420.32
2025-10-17T00:00:00,1346.66
2025-10-17T01:00:00,1281.78
2025-10-17T02:00:00,1246.7
2025-10-17T03:00:00,1223.66
2025-10-17T04:00:00,1221.71
2025-10-17T05:00:00,1246.71
2025-10-17T06:00:00,1289.64
2025-10-17T07:00:00,1354.71
2025-10-17T08:00:00,1336.24
2025-10-17T09:00:00,1261.12
2025-10-17T10:00:00,1210.1
2025-10-17T11:00:00,1194.81
2025-10-17T12:00:00,1235.71
2025-10-17T13:00:00,1304.57
2025-10-17T14:00:00,1369.13
2025-10-17T15:00:00,1416.88
2025-10-17T16:00:00,1515.84
2025-10-17T17:00:00,1611.47
2025-10-17T18:00:00,1663.17
2025-10-17T19:00:00,1648.57
2025-10-17T20:00:00,1578.19
2025-10-17T21:00:00,1555.06
2025-10-17T22:00:00,1497.85
2025-10-17T23:00:00,1415.37
2025-10-18T00:00:00,1352.81
2025-10-18T01:00:00,1307.68
2025-10-18T02:00:00,1275.72
2025-10-18T03:00:00,1247.73
2025-10-18T04:00:00,1242.69
2025-10-18T05:00:00,1225.7
2025-10-18T06:00:00,1269.68
2025-10-18T07:00:00,1305.21
2025-10-18T08:00:00,1280.63
2025-10-18T09:00:00,1207.62
2025-10-18T10:00:00,1140.69
2025-10-18T11:00:00,1097.44
2025-10-18T12:00:00,1101.03
2025-10-18T13:00:00,1168.87
2025-10-18T14:00:00,1271.8
2025-10-18T15:00:00,1359.05
2025-10-18T16:00:00,1484.97
2025-10-18T17:00:00,1598.26
2025-10-18T18:00:00,1655.34
2025-10-18T19:00:00,1642.62
2025-10-18T20:00:00,1576.35
2025-10-18T21:00:00,1535.18
2025-10-18T22:00:00,1471.81
2025-10-18T23:00:00,1409.32
2025-10-19T00:00:00,1340.81
2025-10-19T01:00:00,1296.72
2025-10-19T02:00:00,1270.66
2025-10-19T03:00:00,1232.74
2025-10-19T04:00:00,1222.81
2025-10-19T05:00:00,1222.85
2025-10-19T06:00:00,1240.89
2025-10-19T07:00:00,1262.89
2025-10-19T08:00:00,1230.04
2025-10-19T09:00:00,1176.7
2025-10-19T10:00:00,1127.49
2025-10-19T11:00:00,1136.08
2025-10-19T12:00:00,1188.17
2025-10-19T13:00:00,1262.12
2025-10-19T14:00:00,1382.81
2025-10-19T15:00:00,1529.92
2025-10-19T16:00:00,1694.8
2025-10-19T17:00:00,1830.69
2025-10-19T18:00:00,1904.32
2025-10-19T19:00:00,1844.67
2025-10-19T20:00:00,1761.32
2025-10-19T21:00:00,1709.17
2025-10-19T22:00:00,1608.82
2025-10-19T23:00:00,1517.43
2025-10-20T00:00:00,1431.63
2025-10-20T01:00:00,1345.83
2025-10-20T02:00:00,1293.74
2025-10-20T03:00:00,1279.72
2025-10-20T04:00:00,1279.77
2025-10-20T05:00:00,1302.69
2025-10-20T06:00:00,1356.69
2025-10-20T07:00:00,1420.97
2025-10-20T08:00:00,1397.98
2025-10-20T09:00:00,1318.33
2025-10-20T10:00:00,1269.9
2025-10-20T11:00:00,1259.71
2025-10-20T12:00:00,1258.54
2025-10-20T13:00:00,1349.6
2025-10-20T14:00:00,1438.3
2025-10-20T15:00:00,1570.51
2025-10-20T16:00:00,1738.86
2025-10-20T17:00:00,1873.53
2025-10-20T18:00:00,1899.28
2025-10-20T19:00:00,1843.51
2025-10-20T20:00:00,1755.28
2025-10-20T21:00:00,1680.23
2025-10-20T22:00:00,1587.9
2025-10-20T23:00:00,1496.48
2025-10-21T00:00:00,1407.78
2025-10-21T01:00:00,1342.66
2025-10-21T02:00:00,1302.81
2025-10-21T03:00:00,1283.82
2025-10-21T04:00:00,1270.68
2025-10-21T05:00:00,1289.72
2025-10-21T06:00:00,1332.81
2025-10-21T07:00:00,1400.34
2025-10-21T08:00:00,1377.38
2025-10-21T09:00:00,1283.77
2025-10-21T10:00:00,1236.81
2025-10-21T11:00:00,1219.07
2025-10-21T12:00:00,1258.45
2025-10-21T13:00:00,1371.9
2025-10-21T14:00:00,1494.9
2025-10-21T15:00:00,1623.44
2025-10-21T16:00:00,1799.54
2025-10-21T17:00:00,1907.75
2025-10-21T18:00:00,1936.03
2025-10-21T19:00:00,1860.5
2025-10-21T20:00:00,1790.23
2025-10-21T21:00:00,1730.97
2025-10-21T22:00:00,1655.42
2025-10-21T23:00:00,1522.39
2025-10-22T00:00:00,1394.38
2025-10-22T01:00:00,1330.42
2025-10-22T02:00:00,1281.45
2025-10-22T03:00:00,1255.44
2025-10-22T04:00:00,1270.47
2025-10-22T05:00:00,1291.48
2025-10-22T06:00:00,1381.5
2025-10-22T07:00:00,1459.44
2025-10-22T08:00:00,1473.14
2025-10-22T09:00:00,1451.24
2025-10-22T10:00:00,1389.31
2025-10-22T11:00:00,1469.13
2025-10-22T12:00:00,1496.61
2025-10-22T13:00:00,1593.92
2025-10-22T14:00:00,1680.96
2025-10-22T15:00:00,1718.53
2025-10-22T16:00:00,1851.04
2025-10-22T17:00:00,1959.94
2025-10-22T18:00:00,1974.02
2025-10-22T19:00:00,1938.14
2025-10-22T20:00:00,1852.99
2025-10-22T21:00:00,1771.76
2025-10-22T22:00:00,1697.8
2025-10-22T23:00:00,1601.74
2025-10-23T00:00:00,1496.79
2025-10-23T01:00:00,1421.69
2025-10-23T02:00:00,1366.74
2025-10-23T03:00:00,1326.77
2025-10-23T04:00:00,1302.8
2025-10-23T05:00:00,1334.6
2025-10-23T06:00:00,1383.77
2025-10-23T07:00:00,1444.7
2025-10-23T08:00:00,1405.14
2025-10-23T09:00:00,1331.76
2025-10-23T10:00:00,1293.7
2025-10-23T11:00:00,1255.24
2025-10-23T12:00:00,1286.85
2025-10-23T13:00:00,1364.71
2025-10-23T14:00:00,1446.11
2025-10-23T15:00:00,1554.44
2025-10-23T16:00:00,1712.86
2025-10-23T17:00:00,1855.4
2025-10-23T18:00:00,1870.23
2025-10-23T19:00:00,1840.59
2025-10-23T20:00:00,1762.37
2025-10-23T21:00:00,1687.2
2025-10-23T22:00:00,1619.69
2025-10-23T23:00:00,1533.7
2025-10-24T00:00:00,1444.29
2025-10-24T01:00:00,1384.43
2025-10-24T02:00:00,1327.54
2025-10-24T03:00:00,1299.55
2025-10-24T04:00:00,1278.57
2025-10-24T05:00:00,1321.49
2025-10-24T06:00:00,1367.59
2025-10-24T07:00:00,1437.06
2025-10-24T08:00:00,1420.62
2025-10-24T09:00:00,1330.18
2025-10-24T10:00:00,1263.14
2025-10-24T11:00:00,1238.52
2025-10-24T12:00:00,1242.78
2025-10-24T13:00:00,1284.55
2025-10-24T14:00:00,1366.56
2025-10-24T15:00:00,1457.42
2025-10-24T16:00:00,1603.96
2025-10-24T17:00:00,1726.85
2025-10-24T18:00:00,1760.49
2025-10-24T19:00:00,1725.59
2025-10-24T20:00:00,1661.28
2025-10-24T21:00:00,1616.71
2025-10-24T22:00:00,1552.14
2025-10-24T23:00:00,1484.41
2025-10-25T00:00:00,1428.89
2025-10-25T01:00:00,1356.73
2025-10-25T02:00:00,1330.58
2025-10-25T03:00:00,1300.57
2025-10-25T04:00:00,1284.62
2025-10-25T05:00:00,1297.66
2025-10-25T06:00:00,1325.58
2025-10-25T07:00:00,1357.6
2025-10-25T08:00:00,1319.13
2025-10-25T09:00:00,1241.77
2025-10-25T10:00:00,1194.07
2025-10-25T11:00:00,1195.44
2025-10-25T12:00:00,1216.23
2025-10-25T13:00:00,1283.8
2025-10-25T14:00:00,1361.87
2025-10-25T15:00:00,1505.71
2025-10-25T16:00:00,1640.89
2025-10-25T17:00:00,1759.64
2025-10-25T18:00:00,1787.55
2025-10-25T19:00:00,1760.65
2025-10-25T20:00:00,1682.59
2025-10-25T21:00:00,1629.1
2025-10-25T22:00:00,1575.29
2025-10-25T23:00:00,1499.77
2025-10-26T00:00:00,1445.41
2025-10-26T01:00:00,1394.64
2025-10-26T02:00:00,1353.63
2025-10-26T03:00:00,1330.63
2025-10-26T04:00:00,1315.52
2025-10-26T05:00:00,1307.63
2025-10-26T06:00:00,1329.67
2025-10-26T07:00:00,1355.67
2025-10-26T08:00:00,1320.2
2025-10-26T09:00:00,1265.6
2025-10-26T10:00:00,1216.81
2025-10-26T11:00:00,1197.61
2025-10-26T12:00:00,1218.72
2025-10-26T13:00:00,1291.09
2025-10-26T14:00:00,1381.07
2025-10-26T15:00:00,1520.51
2025-10-26T16:00:00,1684.01
2025-10-26T17:00:00,1833.56
2025-10-26T18:00:00,1872.87
2025-10-26T19:00:00,1828.65
2025-10-26T20:00:00,1752.14
2025-10-26T21:00:00,1686.27
2025-10-26T22:00:00,1610.78
2025-10-26T23:00:00,1525.82
2025-10-27T00:00:00,1420.95
2025-10-27T01:00:00,1355.64
2025-10-27T02:00:00,1322.55
2025-10-27T03:00:00,1303.61
2025-10-27T04:00:00,1295.59
2025-10-27T05:00:00,1319.56
2025-10-27T06:00:00,1362.52
2025-10-27T07:00:00,1430.86
2025-10-27T08:00:00,1417.26
2025-10-27T09:00:00,1322.48
2025-10-27T10:00:00,1280.82
2025-10-27T11:00:00,1275.43
2025-10-27T12:00:00,1315.39
2025-10-27T13:00:00,1382.71
2025-10-27T14:00:00,1468.13
2025-10-27T15:00:00,1591.64
2025-10-27T16:00:00,1734.07
2025-10-27T17:00:00,1864.63
2025-10-27T18:00:00,1906.14
2025-10-27T19:00:00,1865.48
2025-10-27T20:00:00,1779.73
2025-10-27T21:00:00,1701.08
2025-10-27T22:00:00,1630.31
2025-10-27T23:00:00,1524.92
2025-10-28T00:00:00,1438.39
2025-10-28T01:00:00,1366.08
2025-10-28T02:00:00,1331.38
2025-10-28T03:00:00,1301.31
2025-10-28T04:00:00,1284.92
2025-10-28T05:00:00,1318.85
2025-10-28T06:00:00,1381.74
2025-10-28T07:00:00,1445.78
2025-10-28T08:00:00,1413.76
2025-10-28T09:00:00,1323.99
2025-10-28T10:00:00,1256.88
2025-10-28T11:00:00,1242.41
2025-10-28T12:00:00,1249.29
2025-10-28T13:00:00,1319.54
2025-10-28T14:00:00,1433.86
2025-10-28T15:00:00,1591.75
2025-10-28T16:00:00,1739.11
2025-10-28T17:00:00,1886.11
2025-10-28T18:00:00,1919.63
2025-10-28T19:00:00,1874.59
2025-10-28T20:00:00,1788.28
2025-10-28T21:00:00,1724.16
2025-10-28T22:00:00,1621.93
2025-10-28T23:00:00,1519.03
2025-10-29T00:00:00,1431.78
2025-10-29T01:00:00,1382.72
2025-10-29T02:00:00,1338.66
2025-10-29T03:00:00,1314.71
2025-10-29T04:00:00,1307.69
2025-10-29T05:00:00,1321.73
2025-10-29T06:00:00,1385.7
2025-10-29T07:00:00,1461.79
2025-10-29T08:00:00,1437.15
2025-10-29T09:00:00,1341.57
2025-10-29T10:00:00,1298.92
2025-10-29T11:00:00,1280.1
2025-10-29T12:00:00,1313.27
2025-10-29T13:00:00,1364.38
2025-10-29T14:00:00,1467.73
2025-10-29T15:00:00,1603.77
2025-10-29T16:00:00,1750.05
2025-10-29T17:00:00,1866.08
2025-10-29T18:00:00,1891.59
2025-10-29T19:00:00,1853.61
2025-10-29T20:00:00,1784.66
2025-10-29T21:00:00,1739.86
2025-10-29T22:00:00,1659.29
2025-10-29T23:00:00,1556.88
2025-10-30T00:00:00,1459.97
2025-10-30T01:00:00,1405.68
2025-10-30T02:00:00,1346.71
2025-10-30T03:00:00,1320.75
2025-10-30T04:00:00,1316.72
2025-10-30T05:00:00,1332.76
2025-10-30T06:00:00,1388.79
2025-10-30T07:00:00,1456.71
2025-10-30T08:00:00,1439.72
2025-10-30T09:00:00,1335.76
2025-10-30T10:00:00,1275.58
2025-10-30T11:00:00,1261.26
2025-10-30T12:00:00,1296.26
2025-10-30T13:00:00,1381.77
2025-10-30T14:00:00,1490.25
2025-10-30T15:00:00,1612.01
2025-10-30T16:00:00,1744.95
2025-10-30T17:00:00,1870.83
2025-10-30T18:00:00,1887.51
2025-10-30T19:00:00,1827.31
2025-10-30T20:00:00,1759.45
2025-10-30T21:00:00,1697.64
2025-10-30T22:00:00,1612.07
2025-10-30T23:00:00,1511.97
2025-10-31T00:00:00,1410.13
2025-10-31T01:00:00,1359.87
2025-10-31T02:00:00,1323.84
2025-10-31T03:00:00,1298.69
2025-10-31T04:00:00,1292.76
2025-10-31T05:00:00,1312.14
2025-10-31T06:00:00,1362.3
2025-10-31T07:00:00,1435.45
2025-10-31T08:00:00,1404.0
2025-10-31T09:00:00,1320.94
2025-10-31T10:00:00,1284.78
2025-10-31T11:00:00,1282.35
2025-10-31T12:00:00,1299.31
2025-10-31T13:00:00,1351.84
2025-10-31T14:00:00,1443.04
2025-10-31T15:00:00,1573.04
2025-10-31T16:00:00,1712.81
2025-10-31T17:00:00,1809.46
2025-10-31T18:00:00,1818.81
2025-10-31T19:00:00,1721.81
2025-10-31T20:00:00,1630.6
2025-10-31T21:00:00,1598.16
2025-10-31T22:00:00,1528.75
2025-10-31T23:00:00,1456.77
2025-11-01T00:00:00,1391.7
2025-11-01T01:00:00,1331.59
2025-11-01T02:00:00,1291.68
2025-11-01T03:00:00,1270.62
2025-11-01T04:00:00,1250.74
2025-11-01T05:00:00,1254.52
2025-11-01T06:00:00,1283.65
2025-11-01T07:00:00,1322.78
2025-11-01T08:00:00,1312.23
2025-11-01T09:00:00,1238.83
2025-11-01T10:00:00,1189.12
2025-11-01T11:00:00,1170.73
2025-11-01T12:00:00,1190.64
2025-11-01T13:00:00,1251.29
2025-11-01T14:00:00,1339.73
2025-11-01T15:00:00,1476.27
2025-11-01T16:00:00,1630.8
2025-11-01T17:00:00,1757.87
2025-11-01T18:00:00,1787.12
2025-11-01T19:00:00,1744.52
2025-11-01T20:00:00,1667.33
2025-11-01T21:00:00,1591.47
2025-11-01T22:00:00,1518.72
2025-11-01T23:00:00,1462.54
2025-11-02T00:00:00,1393.86
2025-11-02T01:00:00,1333.76
2025-11-02T02:00:00,1302.65
2025-11-02T03:00:00,1286.72
2025-11-02T04:00:00,1281.72
2025-11-02T05:00:00,1278.76
2025-11-02T06:00:00,1308.72
2025-11-02T07:00:00,1334.85
2025-11-02T08:00:00,1333.52
2025-11-02T09:00:00,1267.36
2025-11-02T10:00:00,1215.38
2025-11-02T11:00:00,1206.69
2025-11-02T12:00:00,1246.59
2025-11-02T13:00:00,1319.06
2025-11-02T14:00:00,1430.98
2025-11-02T15:00:00,1581.07
2025-11-02T16:00:00,1738.23
2025-11-02T17:00:00,1862.07
2025-11-02T18:00:00,1888.58
2025-11-02T19:00:00,1829.5
2025-11-02T20:00:00,1746.89
2025-11-02T21:00:00,1674.61
2025-11-02T22:00:00,1582.95
2025-11-02T23:00:00,1489.82
2025-11-03T00:00:00,1392.72
2025-11-03T01:00:00,1324.63
2025-11-03T02:00:00,1271.7
2025-11-03T03:00:00,1260.63
2025-11-03T04:00:00,1257.62
2025-11-03T05:00:00,1285.6
2025-11-03T06:00:00,1342.65
2025-11-03T07:00:00,1423.74
2025-11-03T08:00:00,1402.65
2025-11-03T09:00:00,1322.46
2025-11-03T10:00:00,1267.36
2025-11-03T11:00:00,1253.5
2025-11-03T12:00:00,1297.39
2025-11-03T13:00:00,1386.66
2025-11-03T14:00:00,1526.26
2025-11-03T15:00:00,1659.81
2025-11-03T16:00:00,1805.85
2025-11-03T17:00:00,1893.09
2025-11-03T18:00:00,1898.5
2025-11-03T19:00:00,1855.53
2025-11-03T20:00:00,1770.77
2025-11-03T21:00:00,1703.25
2025-11-03T22:00:00,1617.71
2025-11-03T23:00:00,1495.25
2025-11-04T00:00:00,1395.72
2025-11-04T01:00:00,1338.74
2025-11-04T02:00:00,1305.77
2025-11-04T03:00:00,1288.05
2025-11-04T04:00:00,1274.61
2025-11-04T05:00:00,1298.71
2025-11-04T06:00:00,1338.65
2025-11-04T07:00:00,1417.71
2025-11-04T08:00:00,1400.52
2025-11-04T09:00:00,1315.37
2025-11-04T10:00:00,1262.51
2025-11-04T11:00:00,1227.27
2025-11-04T12:00:00,1249.9
2025-11-04T13:00:00,1310.58
2025-11-04T14:00:00,1398.56
2025-11-04T15:00:00,1524.24
2025-11-04T16:00:00,1668.3
2025-11-04T17:00:00,1782.89
2025-11-04T18:00:00,1814.22
2025-11-04T19:00:00,1771.71
2025-11-04T20:00:00,1693.44
2025-11-04T21:00:00,1624.88
2025-11-04T22:00:00,1557.75
2025-11-04T23:00:00,1466.8
2025-11-05T00:00:00,1381.75
2025-11-05T01:00:00,1335.63
2025-11-05T02:00:00,1281.57
2025-11-05T03:00:00,1265.57
2025-11-05T04:00:00,1262.62
2025-11-05T05:00:00,1275.63
2025-11-05T06:00:00,1313.74
2025-11-05T07:00:00,1381.72
2025-11-05T08:00:00,1378.55
2025-11-05T09:00:00,1280.49
2025-11-05T10:00:00,1206.84
2025-11-05T11:00:00,1190.45
2025-11-05T12:00:00,1243.65
2025-11-05T13:00:00,1318.49
2025-11-05T14:00:00,1410.45
2025-11-05T15:00:00,1515.33
2025-11-05T16:00:00,1659.66
2025-11-05T17:00:00,1781.13
2025-11-05T18:00:00,1807.9
2025-11-05T19:00:00,1750.36
2025-11-05T20:00:00,1655.12
2025-11-05T21:00:00,1577.58
2025-11-05T22:00:00,1500.76
2025-11-05T23:00:00,1404.72
2025-11-06T00:00:00,1314.78
2025-11-06T01:00:00,1258.67
2025-11-06T02:00:00,1228.8
2025-11-06T03:00:00,1220.72
2025-11-06T04:00:00,1223.73
2025-11-06T05:00:00,1248.64
2025-11-06T06:00:00,1316.77
2025-11-06T07:00:00,1381.8
2025-11-06T08:00:00,1360.52
2025-11-06T09:00:00,1269.77
2025-11-06T10:00:00,1202.83
2025-11-06T11:00:00,1189.44
2025-11-06T12:00:00,1205.63
2025-11-06T13:00:00,1266.26
2025-11-06T14:00:00,1353.43
2025-11-06T15:00:00,1459.0
2025-11-06T16:00:00,1578.31
2025-11-06T17:00:00,1699.12
2025-11-06T18:00:00,1727.67
2025-11-06T19:00:00,1687.1
2025-11-06T20:00:00,1626.51
2025-11-06T21:00:00,1575.26
2025-11-06T22:00:00,1522.31
2025-11-06T23:00:00,1439.7
2025-11-07T00:00:00,1361.84
2025-11-07T01:00:00,1305.89
2025-11-07T02:00:00,1260.73
2025-11-07T03:00:00,1232.74
2025-11-07T04:00:00,1229.64
2025-11-07T05:00:00,1258.68
2025-11-07T06:00:00,1321.62
2025-11-07T07:00:00,1400.76
2025-11-07T08:00:00,1392.62
2025-11-07T09:00:00,1313.5
2025-11-07T10:00:00,1229.79
2025-11-07T11:00:00,1196.31
2025-11-07T12:00:00,1198.55
2025-11-07T13:00:00,1258.49
2025-11-07T14:00:00,1344.33
2025-11-07T15:00:00,1457.19
2025-11-07T16:00:00,1581.02
2025-11-07T17:00:00,1682.57
2025-11-07T18:00:00,1740.96
2025-11-07T19:00:00,1691.65
2025-11-07T20:00:00,1635.61
2025-11-07T21:00:00,1567.67
2025-11-07T22:00:00,1518.47
2025-11-07T23:00:00,1453.66
2025-11-08T00:00:00,1357.69
2025-11-08T01:00:00,1302.75
2025-11-08T02:00:00,1261.72
2025-11-08T03:00:00,1233.58
2025-11-08T04:00:00,1260.67
2025-11-08T05:00:00,1293.72
2025-11-08T06:00:00,1330.77
2025-11-08T07:00:00,1367.91
2025-11-08T08:00:00,1372.25
2025-11-08T09:00:00,1312.26
2025-11-08T10:00:00,1251.11
2025-11-08T11:00:00,1213.37
2025-11-08T12:00:00,1218.73
2025-11-08T13:00:00,1259.88
2025-11-08T14:00:00,1333.97
2025-11-08T15:00:00,1458.64
2025-11-08T16:00:00,1594.75
2025-11-08T17:00:00,1705.79
2025-11-08T18:00:00,1751.02
2025-11-08T19:00:00,1722.62
2025-11-08T20:00:00,1649.48
2025-11-08T21:00:00,1601.64
2025-11-08T22:00:00,1542.46
2025-11-08T23:00:00,1477.71
2025-11-09T00:00:00,1391.75
2025-11-09T01:00:00,1345.78
2025-11-09T02:00:00,1303.75
2025-11-09T03:00:00,1267.64
2025-11-09T04:00:00,1257.68
2025-11-09T05:00:00,1269.69
2025-11-09T06:00:00,1281.66
2025-11-09T07:00:00,1327.62
2025-11-09T08:00:00,1324.45
2025-11-09T09:00:00,1257.68
2025-11-09T10:00:00,1220.02
2025-11-09T11:00:00,1197.55
2025-11-09T12:00:00,1209.71
2025-11-09T13:00:00,1227.19
2025-11-09T14:00:00,1298.94
2025-11-09T15:00:00,1430.97
2025-11-09T16:00:00,1599.55
2025-11-09T17:00:00,1754.81
2025-11-09T18:00:00,1788.82
2025-11-09T19:00:00,1738.55
2025-11-09T20:00:00,1673.63
2025-11-09T21:00:00,1616.09
2025-11-09T22:00:00,1560.41
2025-11-09T23:00:00,1482.72
2025-11-10T00:00:00,1401.71
2025-11-10T01:00:00,1356.65
2025-11-10T02:00:00,1321.72
2025-11-10T03:00:00,1299.73
2025-11-10T04:00:00,1288.71
2025-11-10T05:00:00,1313.72
2025-11-10T06:00:00,1374.74
2025-11-10T07:00:00,1459.73
2025-11-10T08:00:00,1456.52
2025-11-10T09:00:00,1367.56
2025-11-10T10:00:00,1315.75
2025-11-10T11:00:00,1273.36
2025-11-10T12:00:00,1303.7
2025-11-10T13:00:00,1349.7
2025-11-10T14:00:00,1435.63
2025-11-10T15:00:00,1561.06
2025-11-10T16:00:00,1699.11
2025-11-10T17:00:00,1829.02
2025-11-10T18:00:00,1877.6
2025-11-10T19:00:00,1813.66
2025-11-10T20:00:00,1738.62
2025-11-10T21:00:00,1679.11
2025-11-10T22:00:00,1607.78
2025-11-10T23:00:00,1509.74
2025-11-11T00:00:00,1418.69
2025-11-11T01:00:00,1367.69
2025-11-11T02:00:00,1342.76
2025-11-11T03:00:00,1325.74
2025-11-11T04:00:00,1312.49
2025-11-11T05:00:00,1314.85
2025-11-11T06:00:00,1372.45
2025-11-11T07:00:00,1410.71
2025-11-11T08:00:00,1406.51
2025-11-11T09:00:00,1325.99
2025-11-11T10:00:00,1240.57
2025-11-11T11:00:00,1216.77
2025-11-11T12:00:00,1225.63
2025-11-11T13:00:00,1277.66
2025-11-11T14:00:00,1357.65
2025-11-11T15:00:00,1509.47
2025-11-11T16:00:00,1641.81
2025-11-11T17:00:00,1751.44
2025-11-11T18:00:00,1803.41
2025-11-11T19:00:00,1760.57
2025-11-11T20:00:00,1713.91
2025-11-11T21:00:00,1657.27
2025-11-11T22:00:00,1592.29
2025-11-11T23:00:00,1500.64
2025-11-12T00:00:00,1422.69
2025-11-12T01:00:00,1360.76
2025-11-12T02:00:00,1329.7
2025-11-12T03:00:00,1306.64
2025-11-12T04:00:00,1304.72
2025-11-12T05:00:00,1320.71
2025-11-12T06:00:00,1381.66
2025-11-12T07:00:00,1467.69
2025-11-12T08:00:00,1456.2
2025-11-12T09:00:00,1366.92
2025-11-12T10:00:00,1273.74
2025-11-12T11:00:00,1241.18
2025-11-12T12:00:00,1255.87
2025-11-12T13:00:00,1304.49
2025-11-12T14:00:00,1394.9
2025-11-12T15:00:00,1556.45
2025-11-12T16:00:00,1632.96
2025-11-12T17:00:00,1728.71
2025-11-12T18:00:00,1764.15
2025-11-12T19:00:00,1738.34
2025-11-12T20:00:00,1681.04
2025-11-12T21:00:00,1628.29
2025-11-12T22:00:00,1557.6
2025-11-12T23:00:00,1482.21
2025-11-13T00:00:00,1410.8
2025-11-13T01:00:00,1362.77
2025-11-13T02:00:00,1320.31
2025-11-13T03:00:00,1292.78
2025-11-13T04:00:00,1293.79
2025-11-13T05:00:00,1310.75
2025-11-13T06:00:00,1370.66
2025-11-13T07:00:00,1448.67
2025-11-13T08:00:00,1470.67
2025-11-13T09:00:00,1381.51
2025-11-13T10:00:00,1321.71
2025-11-13T11:00:00,1306.57
2025-11-13T12:00:00,1347.65
2025-11-13T13:00:00,1422.69
2025-11-13T14:00:00,1479.26
2025-11-13T15:00:00,1589.5
2025-11-13T16:00:00,1699.51
2025-11-13T17:00:00,1776.4
2025-11-13T18:00:00,1795.0
2025-11-13T19:00:00,1761.69
2025-11-13T20:00:00,1683.61
2025-11-13T21:00:00,1643.65
2025-11-13T22:00:00,1580.11
2025-11-13T23:00:00,1494.87
2025-11-14T00:00:00,1406.65
2025-11-14T01:00:00,1363.7
2025-11-14T02:00:00,1323.68
2025-11-14T03:00:00,1301.69
2025-11-14T04:00:00,1295.64
2025-11-14T05:00:00,1317.77
2025-11-14T06:00:00,1369.73
2025-11-14T07:00:00,1431.65
2025-11-14T08:00:00,1430.59
2025-11-14T09:00:00,1365.4
2025-11-14T10:00:00,1285.99
2025-11-14T11:00:00,1281.44
2025-11-14T12:00:00,1309.74
2025-11-14T13:00:00,1372.55
2025-11-14T14:00:00,1458.53
2025-11-14T15:00:00,1572.4
2025-11-14T16:00:00,1674.89
2025-11-14T17:00:00,1761.27
2025-11-14T18:00:00,1776.11
2025-11-14T19:00:00,1727.71
2025-11-14T20:00:00,1664.56
2025-11-14T21:00:00,1614.42
2025-11-14T22:00:00,1564.35
2025-11-14T23:00:00,1503.65
2025-11-15T00:00:00,1444.6
2025-11-15T01:00:00,1389.25
2025-11-15T02:00:00,1344.35
2025-11-15T03:00:00,1316.45
2025-11-15T04:00:00,1315.57
2025-11-15T05:00:00,1301.65
2025-11-15T06:00:00,1331.64
2025-11-15T07:00:00,1377.65
2025-11-15T08:00:00,1389.51
2025-11-15T09:00:00,1354.31
2025-11-15T10:00:00,1309.81
2025-11-15T11:00:00,1303.42
2025-11-15T12:00:00,1370.7
2025-11-15T13:00:00,1367.49
2025-11-15T14:00:00,1433.6
2025-11-15T15:00:00,1634.38
2025-11-15T16:00:00,1691.64
2025-11-15T17:00:00,1680.8
2025-11-15T18:00:00,1701.53
2025-11-15T19:00:00,1674.65
2025-11-15T20:00:00,1644.64
2025-11-15T21:00:00,1601.1
2025-11-15T22:00:00,1545.05
2025-11-15T23:00:00,1497.64
2025-11-16T00:00:00,1426.24
2025-11-16T01:00:00,1374.11
2025-11-16T02:00:00,1336.93
2025-11-16T03:00:00,1308.61
2025-11-16T04:00:00,1303.61
2025-11-16T05:00:00,1299.58
2025-11-16T06:00:00,1332.61
2025-11-16T07:00:00,1372.7
2025-11-16T08:00:00,1398.07
2025-11-16T09:00:00,1415.39
2025-11-16T10:00:00,1433.82
2025-11-16T11:00:00,1382.32
2025-11-16T12:00:00,1440.7
2025-11-16T13:00:00,1390.97
2025-11-16T14:00:00,1384.55
2025-11-16T15:00:00,1400.86
2025-11-16T16:00:00,1470.41
2025-11-16T17:00:00,1570.36
2025-11-16T18:00:00,1665.78
2025-11-16T19:00:00,1676.74
2025-11-16T20:00:00,1640.41
2025-11-16T21:00:00,1593.17
2025-11-16T22:00:00,1530.39
2025-11-16T23:00:00,1448.65
2025-11-17T00:00:00,1373.6
2025-11-17T01:00:00,1315.75
2025-11-17T02:00:00,1267.64
2025-11-17T03:00:00,1239.67
2025-11-17T04:00:00,1254.67
2025-11-17T05:00:00,1303.78
2025-11-17T06:00:00,1377.74
2025-11-17T07:00:00,1460.86
2025-11-17T08:00:00,1484.64
2025-11-17T09:00:00,1418.85
2025-11-17T10:00:00,1323.68
2025-11-17T11:00:00,1256.47
2025-11-17T12:00:00,1231.14
2025-11-17T13:00:00,1271.15
2025-11-17T14:00:00,1415.27
2025-11-17T15:00:00,1478.47
2025-11-17T16:00:00,1490.5
2025-11-17T17:00:00,1564.63
2025-11-17T18:00:00,1656.02
2025-11-17T19:00:00,1660.61
2025-11-17T20:00:00,1624.46
2025-11-17T21:00:00,1580.58
2025-11-17T22:00:00,1517.98
2025-11-17T23:00:00,1448.65
2025-11-18T00:00:00,1381.03
2025-11-18T01:00:00,1330.59
2025-11-18T02:00:00,1288.63
2025-11-18T03:00:00,1262.72
2025-11-18T04:00:00,1273.73
2025-11-18T05:00:00,1297.71
2025-11-18T06:00:00,1357.71
2025-11-18T07:00:00,1448.76
2025-11-18T08:00:00,1453.65
2025-11-18T09:00:00,1385.36
2025-11-18T10:00:00,1358.28
2025-11-18T11:00:00,1353.49
2025-11-18T12:00:00,1348.94
2025-11-18T13:00:00,1310.64
2025-11-18T14:00:00,1302.41
2025-11-18T15:00:00,1337.68
2025-11-18T16:00:00,1412.03
2025-11-18T17:00:00,1491.01
2025-11-18T18:00:00,1567.67
2025-11-18T19:00:00,1597.01
2025-11-18T20:00:00,1569.66
2025-11-18T21:00:00,1534.08
2025-11-18T22:00:00,1487.09
2025-11-18T23:00:00,1413.51
2025-11-19T00:00:00,1347.28
2025-11-19T01:00:00,1295.66
2025-11-19T02:00:00,1259.7
2025-11-19T03:00:00,1242.64
2025-11-19T04:00:00,1240.7
2025-11-19T05:00:00,1267.7
2025-11-19T06:00:00,1322.7
2025-11-19T07:00:00,1408.67
2025-11-19T08:00:00,1414.67
2025-11-19T09:00:00,1362.73
2025-11-19T10:00:00,1371.23
2025-11-19T11:00:00,1300.48
2025-11-19T12:00:00,1299.87
2025-11-19T13:00:00,1278.23
2025-11-19T14:00:00,1280.92
2025-11-19T15:00:00,1322.19
2025-11-19T16:00:00,1397.01
2025-11-19T17:00:00,1460.61
2025-11-19T18:00:00,1525.94
2025-11-19T19:00:00,1539.55
2025-11-19T20:00:00,1529.54
2025-11-19T21:00:00,1506.92
2025-11-19T22:00:00,1454.59
2025-11-19T23:00:00,1374.78
2025-11-20T00:00:00,1338.14
2025-11-20T01:00:00,1309.78
2025-11-20T02:00:00,1275.73
2025-11-20T03:00:00,1257.73
2025-11-20T04:00:00,1253.76
2025-11-20T05:00:00,1286.72
2025-11-20T06:00:00,1342.76
2025-11-20T07:00:00,1440.75
2025-11-20T08:00:00,1497.71
2025-11-20T09:00:00,1505.66
2025-11-20T10:00:00,1464.65
2025-11-20T11:00:00,1417.42
2025-11-20T12:00:00,1295.14
2025-11-20T13:00:00,1247.39
2025-11-20T14:00:00,1221.97
2025-11-20T15:00:00,1234.51
2025-11-20T16:00:00,1308.57
2025-11-20T17:00:00,1452.25
2025-11-20T18:00:00,1571.7
2025-11-20T19:00:00,1598.02
2025-11-20T20:00:00,1588.56
2025-11-20T21:00:00,1566.71
2025-11-20T22:00:00,1526.01
2025-11-20T23:00:00,1459.44
2025-11-21T00:00:00,1408.72
2025-11-21T01:00:00,1349.67
2025-11-21T02:00:00,1343.72
2025-11-21T03:00:00,1336.73
2025-11-21T04:00:00,1337.6
2025-11-21T05:00:00,1366.59
2025-11-21T06:00:00,1450.68
2025-11-21T07:00:00,1541.62
2025-11-21T08:00:00,1571.07
2025-11-21T09:00:00,1547.49
2025-11-21T10:00:00,1496.53
2025-11-21T11:00:00,1423.13
2025-11-21T12:00:00,1478.08
2025-11-21T13:00:00,1490.21
2025-11-21T14:00:00,1500.51
2025-11-21T15:00:00,1512.35
2025-11-21T16:00:00,1544.88
2025-11-21T17:00:00,1581.49
2025-11-21T18:00:00,1641.91
2025-11-21T19:00:00,1640.11
2025-11-21T20:00:00,1606.94
2025-11-21T21:00:00,1572.09
2025-11-21T22:00:00,1536.74
2025-11-21T23:00:00,1491.79
2025-11-22T00:00:00,1438.76
2025-11-22T01:00:00,1391.82
2025-11-22T02:00:00,1370.72
2025-11-22T03:00:00,1331.78
2025-11-22T04:00:00,1320.83
2025-11-22T05:00:00,1353.77
2025-11-22T06:00:00,1401.78
2025-11-22T07:00:00,1441.79
2025-11-22T08:00:00,1456.9
2025-11-22T09:00:00,1392.95
2025-11-22T10:00:00,1362.0
2025-11-22T11:00:00,1267.98
2025-11-22T12:00:00,1305.94
2025-11-22T13:00:00,1335.15
2025-11-22T14:00:00,1439.96
2025-11-22T15:00:00,1468.46
2025-11-22T16:00:00,1523.8
2025-11-22T17:00:00,1549.02
2025-11-22T18:00:00,1606.27
2025-11-22T19:00:00,1576.0
2025-11-22T20:00:00,1562.56
2025-11-22T21:00:00,1531.52
2025-11-22T22:00:00,1479.87
2025-11-22T23:00:00,1419.81
2025-11-23T00:00:00,1392.8
2025-11-23T01:00:00,1346.75
2025-11-23T02:00:00,1338.78
2025-11-23T03:00:00,1301.88
2025-11-23T04:00:00,1261.79
2025-11-23T05:00:00,1275.6
2025-11-23T06:00:00,1319.69
2025-11-23T07:00:00,1376.84
2025-11-23T08:00:00,1413.81
2025-11-23T09:00:00,1428.96
2025-11-23T10:00:00,1389.2
2025-11-23T11:00:00,1339.07
2025-11-23T12:00:00,1287.21
2025-11-23T13:00:00,1289.12
2025-11-23T14:00:00,1274.32
2025-11-23T15:00:00,1285.37
2025-11-23T16:00:00,1376.98
2025-11-23T17:00:00,1499.36
2025-11-23T18:00:00,1593.95
2025-11-23T19:00:00,1603.05
2025-11-23T20:00:00,1599.65
2025-11-23T21:00:00,1577.3
2025-11-23T22:00:00,1533.02
2025-11-23T23:00:00,1461.76
2025-11-24T00:00:00,1393.79
2025-11-24T01:00:00,1351.79
2025-11-24T02:00:00,1311.8
2025-11-24T03:00:00,1310.8
2025-11-24T04:00:00,1312.8
2025-11-24T05:00:00,1354.81
2025-11-24T06:00:00,1441.78
2025-11-24T07:00:00,1554.74
2025-11-24T08:00:00,1601.75
2025-11-24T09:00:00,1482.75
2025-11-24T10:00:00,1328.44
2025-11-24T11:00:00,1215.22
2025-11-24T12:00:00,1161.33
2025-11-24T13:00:00,1138.73
2025-11-24T14:00:00,1187.48
2025-11-24T15:00:00,1252.46
2025-11-24T16:00:00,1352.21
2025-11-24T17:00:00,1484.28
2025-11-24T18:00:00,1616.23
2025-11-24T19:00:00,1630.12
2025-11-24T20:00:00,1594.65
2025-11-24T21:00:00,1550.78
2025-11-24T22:00:00,1528.35
2025-11-24T23:00:00,1473.84
2025-11-25T00:00:00,1415.85
2025-11-25T01:00:00,1361.76
2025-11-25T02:00:00,1326.79
2025-11-25T03:00:00,1321.8
2025-11-25T04:00:00,1337.79
2025-11-25T05:00:00,1384.78
2025-11-25T06:00:00,1470.74
2025-11-25T07:00:00,1565.7
2025-11-25T08:00:00,1570.7
2025-11-25T09:00:00,1454.56
2025-11-25T10:00:00,1305.29
2025-11-25T11:00:00,1213.19
2025-11-25T12:00:00,1159.76
2025-11-25T13:00:00,1136.54
2025-11-25T14:00:00,1170.44
2025-11-25T15:00:00,1228.98
2025-11-25T16:00:00,1343.55
2025-11-25T17:00:00,1482.83
2025-11-25T18:00:00,1577.88
2025-11-25T19:00:00,1612.06
2025-11-25T20:00:00,1602.82
2025-11-25T21:00:00,1589.65
2025-11-25T22:00:00,1543.95
2025-11-25T23:00:00,1483.91
2025-11-26T00:00:00,1411.84
2025-11-26T01:00:00,1367.8
2025-11-26T02:00:00,1346.8
2025-11-26T03:00:00,1334.81
2025-11-26T04:00:00,1348.8
2025-11-26T05:00:00,1391.78
2025-11-26T06:00:00,1470.02
2025-11-26T07:00:00,1559.81
2025-11-26T08:00:00,1584.8
2025-11-26T09:00:00,1470.59
2025-11-26T10:00:00,1332.4
2025-11-26T11:00:00,1216.18
2025-11-26T12:00:00,1178.69
2025-11-26T13:00:00,1164.2
2025-11-26T14:00:00,1199.26
2025-11-26T15:00:00,1270.79
2025-11-26T16:00:00,1391.9
2025-11-26T17:00:00,1513.38
2025-11-26T18:00:00,1619.29
2025-11-26T19:00:00,1606.01
2025-11-26T20:00:00,1584.73
2025-11-26T21:00:00,1569.58
2025-11-26T22:00:00,1542.19
2025-11-26T23:00:00,1488.63
2025-11-27T00:00:00,1414.09
2025-11-27T01:00:00,1367.82
2025-11-27T02:00:00,1354.74
2025-11-27T03:00:00,1347.73
2025-11-27T04:00:00,1346.75
2025-11-27T05:00:00,1350.74
2025-11-27T06:00:00,1384.75
2025-11-27T07:00:00,1448.79
2025-11-27T08:00:00,1505.76
2025-11-27T09:00:00,1500.39
2025-11-27T10:00:00,1394.0
2025-11-27T11:00:00,1314.15
2025-11-27T12:00:00,1287.32
2025-11-27T13:00:00,1267.79
2025-11-27T14:00:00,1316.63
2025-11-27T15:00:00,1402.64
2025-11-27T16:00:00,1494.94
2025-11-27T17:00:00,1505.36
2025-11-27T18:00:00,1523.26
2025-11-27T19:00:00,1512.06
2025-11-27T20:00:00,1480.85
2025-11-27T21:00:00,1460.66
2025-11-27T22:00:00,1432.22
2025-11-27T23:00:00,1405.37
2025-11-28T00:00:00,1358.88
2025-11-28T01:00:00,1325.78
2025-11-28T02:00:00,1305.79
2025-11-28T03:00:00,1286.79
2025-11-28T04:00:00,1297.74
2025-11-28T05:00:00,1318.83
2025-11-28T06:00:00,1360.77
2025-11-28T07:00:00,1408.76
2025-11-28T08:00:00,1446.77
2025-11-28T09:00:00,1369.37
2025-11-28T10:00:00,1235.48
2025-11-28T11:00:00,1153.19
2025-11-28T12:00:00,1110.65
2025-11-28T13:00:00,1106.6
2025-11-28T14:00:00,1155.13
2025-11-28T15:00:00,1231.15
2025-11-28T16:00:00,1341.95
2025-11-28T17:00:00,1481.19
2025-11-28T18:00:00,1546.31
2025-11-28T19:00:00,1550.05
2025-11-28T20:00:00,1517.79
2025-11-28T21:00:00,1517.68
2025-11-28T22:00:00,1492.3
2025-11-28T23:00:00,1439.46
2025-11-29T00:00:00,1387.92
2025-11-29T01:00:00,1336.9
2025-11-29T02:00:00,1317.8
2025-11-29T03:00:00,1317.7
2025-11-29T04:00:00,1320.71
2025-11-29T05:00:00,1338.71
2025-11-29T06:00:00,1382.74
2025-11-29T07:00:00,1446.76
2025-11-29T08:00:00,1482.77
2025-11-29T09:00:00,1404.45
2025-11-29T10:00:00,1288.46
2025-11-29T11:00:00,1212.26
2025-11-29T12:00:00,1171.71
2025-11-29T13:00:00,1156.18
2025-11-29T14:00:00,1181.63
2025-11-29T15:00:00,1239.22
2025-11-29T16:00:00,1323.85
2025-11-29T17:00:00,1478.75
2025-11-29T18:00:00,1568.23
2025-11-29T19:00:00,1579.08
2025-11-29T20:00:00,1554.65
2025-11-29T21:00:00,1539.12
2025-11-29T22:00:00,1505.75
2025-11-29T23:00:00,1463.56
2025-11-30T00:00:00,1416.82
2025-11-30T01:00:00,1364.77
2025-11-30T02:00:00,1346.74
2025-11-30T03:00:00,1334.76
2025-11-30T04:00:00,1334.66
2025-11-30T05:00:00,1347.73
2025-11-30T06:00:00,1396.71
2025-11-30T07:00:00,1454.76
2025-11-30T08:00:00,1496.25
2025-11-30T09:00:00,1452.12
2025-11-30T10:00:00,1334.79
2025-11-30T11:00:00,1250.31
2025-11-30T12:00:00,1202.42
2025-11-30T13:00:00,1199.28
2025-11-30T14:00:00,1197.39
2025-11-30T15:00:00,1263.31
2025-11-30T16:00:00,1372.24
2025-11-30T17:00:00,1504.75
2025-11-30T18:00:00,1617.09
2025-11-30T19:00:00,1630.07
2025-11-30T20:00:00,1605.78
2025-11-30T21:00:00,1573.65
2025-11-30T22:00:00,1509.72
2025-11-30T23:00:00,1430.58
2025-12-01T00:00:00,1364.16
2025-12-01T01:00:00,1325.91
2025-12-01T02:00:00,1311.72
2025-12-01T03:00:00,1324.75
2025-12-01T04:00:00,1332.71
2025-12-01T05:00:00,1374.68
2025-12-01T06:00:00,1453.75
2025-12-01T07:00:00,1570.75
2025-12-01T08:00:00,1604.67
2025-12-01T09:00:00,1477.47
2025-12-01T10:00:00,1299.51
2025-12-01T11:00:00,1228.23
2025-12-01T12:00:00,1165.53
2025-12-01T13:00:00,1176.36
2025-12-01T14:00:00,1191.32
2025-12-01T15:00:00,1226.12
2025-12-01T16:00:00,1304.73
2025-12-01T17:00:00,1443.82
2025-12-01T18:00:00,1592.34
2025-12-01T19:00:00,1596.67
2025-12-01T20:00:00,1594.92
2025-12-01T21:00:00,1572.66
2025-12-01T22:00:00,1527.3
2025-12-01T23:00:00,1480.75
2025-12-02T00:00:00,1425.89
2025-12-02T01:00:00,1393.9
2025-12-02T02:00:00,1368.75
2025-12-02T03:00:00,1361.74
2025-12-02T04:00:00,1370.78
2025-12-02T05:00:00,1419.77
2025-12-02T06:00:00,1501.75
2025-12-02T07:00:00,1609.8
2025-12-02T08:00:00,1631.8
2025-12-02T09:00:00,1496.58
2025-12-02T10:00:00,1342.36
2025-12-02T11:00:00,1222.16
2025-12-02T12:00:00,1156.61
2025-12-02T13:00:00,1137.32
2025-12-02T14:00:00,1145.21
2025-12-02T15:00:00,1209.04
2025-12-02T16:00:00,1327.89
2025-12-02T17:00:00,1473.74
2025-12-02T18:00:00,1595.28
2025-12-02T19:00:00,1623.0
2025-12-02T20:00:00,1612.83
2025-12-02T21:00:00,1584.64
2025-12-02T22:00:00,1534.16
2025-12-02T23:00:00,1470.48
2025-12-03T00:00:00,1402.88
2025-12-03T01:00:00,1349.27
2025-12-03T02:00:00,1330.8
2025-12-03T03:00:00,1319.73
2025-12-03T04:00:00,1314.8
2025-12-03T05:00:00,1348.8
2025-12-03T06:00:00,1439.77
2025-12-03T07:00:00,1544.74
2025-12-03T08:00:00,1596.68
2025-12-03T09:00:00,1488.48
2025-12-03T10:00:00,1335.4
2025-12-03T11:00:00,1225.12
2025-12-03T12:00:00,1147.5
2025-12-03T13:00:00,1198.96
2025-12-03T14:00:00,1341.89
2025-12-03T15:00:00,1370.52
2025-12-03T16:00:00,1443.87
2025-12-03T17:00:00,1526.71
2025-12-03T18:00:00,1623.26
2025-12-03T19:00:00,1647.1
2025-12-03T20:00:00,1618.58
2025-12-03T21:00:00,1573.59
2025-12-03T22:00:00,1534.68
2025-12-03T23:00:00,1473.14
2025-12-04T00:00:00,1411.84
2025-12-04T01:00:00,1362.89
2025-12-04T02:00:00,1346.8
2025-12-04T03:00:00,1343.77
2025-12-04T04:00:00,1372.76
2025-12-04T05:00:00,1427.77
2025-12-04T06:00:00,1523.8
2025-12-04T07:00:00,1647.61
2025-12-04T08:00:00,1668.96
2025-12-04T09:00:00,1529.22
2025-12-04T10:00:00,1353.85
2025-12-04T11:00:00,1224.08
2025-12-04T12:00:00,1146.49
2025-12-04T13:00:00,1112.24
2025-12-04T14:00:00,1098.39
2025-12-04T15:00:00,1142.81
2025-12-04T16:00:00,1249.9
2025-12-04T17:00:00,1398.38
2025-12-04T18:00:00,1535.38
2025-12-04T19:00:00,1575.12
2025-12-04T20:00:00,1573.73
2025-12-04T21:00:00,1556.46
2025-12-04T22:00:00,1523.18
2025-12-04T23:00:00,1487.07
2025-12-05T00:00:00,1425.65
2025-12-05T01:00:00,1389.86
2025-12-05T02:00:00,1388.09
2025-12-05T03:00:00,1384.64
2025-12-05T04:00:00,1392.7
2025-12-05T05:00:00,1444.69
2025-12-05T06:00:00,1573.83
2025-12-05T07:00:00,1685.07
2025-12-05T08:00:00,1706.77
2025-12-05T09:00:00,1594.08
2025-12-05T10:00:00,1434.73
2025-12-05T11:00:00,1300.51
2025-12-05T12:00:00,1229.27
2025-12-05T13:00:00,1182.54
2025-12-05T14:00:00,1187.77
2025-12-05T15:00:00,1226.48
2025-12-05T16:00:00,1324.22
2025-12-05T17:00:00,1486.78
2025-12-05T18:00:00,1602.23
2025-12-05T19:00:00,1631.08
2025-12-05T20:00:00,1613.92
2025-12-05T21:00:00,1604.59
2025-12-05T22:00:00,1571.5
2025-12-05T23:00:00,1534.48
2025-12-06T00:00:00,1483.79
2025-12-06T01:00:00,1441.74
2025-12-06T02:00:00,1439.78
2025-12-06T03:00:00,1443.73
2025-12-06T04:00:00,1454.8
2025-12-06T05:00:00,1467.79
2025-12-06T06:00:00,1542.72
2025-12-06T07:00:00,1616.03
2025-12-06T08:00:00,1660.08
2025-12-06T09:00:00,1552.68
2025-12-06T10:00:00,1382.53
2025-12-06T11:00:00,1276.27
2025-12-06T12:00:00,1203.73
2025-12-06T13:00:00,1166.38
2025-12-06T14:00:00,1169.77
2025-12-06T15:00:00,1211.01
2025-12-06T16:00:00,1302.86
2025-12-06T17:00:00,1469.76
2025-12-06T18:00:00,1586.14
2025-12-06T19:00:00,1609.03
2025-12-06T20:00:00,1593.73
2025-12-06T21:00:00,1563.79
2025-12-06T22:00:00,1548.37
2025-12-06T23:00:00,1522.74
2025-12-07T00:00:00,1479.93
2025-12-07T01:00:00,1449.77
2025-12-07T02:00:00,1418.71
2025-12-07T03:00:00,1412.66
2025-12-07T04:00:00,1417.66
2025-12-07T05:00:00,1459.74
2025-12-07T06:00:00,1517.64
2025-12-07T07:00:00,1571.64
2025-12-07T08:00:00,1637.14
2025-12-07T09:00:00,1553.88
2025-12-07T10:00:00,1411.52
2025-12-07T11:00:00,1297.23
2025-12-07T12:00:00,1211.58
2025-12-07T13:00:00,1187.01
2025-12-07T14:00:00,1182.02
2025-12-07T15:00:00,1238.73
2025-12-07T16:00:00,1347.84
2025-12-07T17:00:00,1490.48
2025-12-07T18:00:00,1631.15
2025-12-07T19:00:00,1666.14
2025-12-07T20:00:00,1650.99
2025-12-07T21:00:00,1635.93
2025-12-07T22:00:00,1577.54
2025-12-07T23:00:00,1526.8
2025-12-08T00:00:00,1485.7
2025-12-08T01:00:00,1447.69
2025-12-08T02:00:00,1426.7
2025-12-08T03:00:00,1405.61
2025-12-08T04:00:00,1443.56
2025-12-08T05:00:00,1513.16
2025-12-08T06:00:00,1604.2
2025-12-08T07:00:00,1738.25
2025-12-08T08:00:00,1778.22
2025-12-08T09:00:00,1658.71
2025-12-08T10:00:00,1478.54
2025-12-08T11:00:00,1351.24
2025-12-08T12:00:00,1262.73
2025-12-08T13:00:00,1218.73
2025-12-08T14:00:00,1227.45
2025-12-08T15:00:00,1279.7
2025-12-08T16:00:00,1357.92
2025-12-08T17:00:00,1499.15
2025-12-08T18:00:00,1648.14
2025-12-08T19:00:00,1682.11
2025-12-08T20:00:00,1649.93
2025-12-08T21:00:00,1629.49
2025-12-08T22:00:00,1581.17
2025-12-08T23:00:00,1515.54
2025-12-09T00:00:00,1492.14
2025-12-09T01:00:00,1453.84
2025-12-09T02:00:00,1444.31
2025-12-09T03:00:00,1445.79
2025-12-09T04:00:00,1439.77
2025-12-09T05:00:00,1498.22
2025-12-09T06:00:00,1592.28
2025-12-09T07:00:00,1723.23
2025-12-09T08:00:00,1752.17
2025-12-09T09:00:00,1603.6
2025-12-09T10:00:00,1393.51
2025-12-09T11:00:00,1275.13
2025-12-09T12:00:00,1188.71
2025-12-09T13:00:00,1102.71
2025-12-09T14:00:00,1150.39
2025-12-09T15:00:00,1181.85
2025-12-09T16:00:00,1293.76
2025-12-09T17:00:00,1437.63
2025-12-09T18:00:00,1555.76
2025-12-09T19:00:00,1606.12
2025-12-09T20:00:00,1585.76
2025-12-09T21:00:00,1569.83
2025-12-09T22:00:00,1529.54
2025-12-09T23:00:00,1494.46
2025-12-10T00:00:00,1414.65
2025-12-10T01:00:00,1403.68
2025-12-10T02:00:00,1373.62
2025-12-10T03:00:00,1362.56
2025-12-10T04:00:00,1387.64
2025-12-10T05:00:00,1420.64
2025-12-10T06:00:00,1508.77
2025-12-10T07:00:00,1629.12
2025-12-10T08:00:00,1671.19
2025-12-10T09:00:00,1546.46
2025-12-10T10:00:00,1397.37
2025-12-10T11:00:00,1264.2
2025-12-10T12:00:00,1200.05
2025-12-10T13:00:00,1156.29
2025-12-10T14:00:00,1183.79
2025-12-10T15:00:00,1239.29
2025-12-10T16:00:00,1335.87
2025-12-10T17:00:00,1478.37
2025-12-10T18:00:00,1585.85
2025-12-10T19:00:00,1615.1
2025-12-10T20:00:00,1599.97
2025-12-10T21:00:00,1600.78
2025-12-10T22:00:00,1564.58
2025-12-10T23:00:00,1501.66
2025-12-11T00:00:00,1438.89
2025-12-11T01:00:00,1399.68
2025-12-11T02:00:00,1375.61
2025-12-11T03:00:00,1375.68
2025-12-11T04:00:00,1379.6
2025-12-11T05:00:00,1438.79
2025-12-11T06:00:00,1522.26
2025-12-11T07:00:00,1643.09
2025-12-11T08:00:00,1667.27
2025-12-11T09:00:00,1551.76
2025-12-11T10:00:00,1371.48
2025-12-11T11:00:00,1234.06
2025-12-11T12:00:00,1169.71
2025-12-11T13:00:00,1178.62
2025-12-11T14:00:00,1197.38
2025-12-11T15:00:00,1258.42
2025-12-11T16:00:00,1374.13
2025-12-11T17:00:00,1488.32
2025-12-11T18:00:00,1603.11
2025-12-11T19:00:00,1632.07
2025-12-11T20:00:00,1618.99
2025-12-11T21:00:00,1593.7
2025-12-11T22:00:00,1544.38
2025-12-11T23:00:00,1488.41
2025-12-12T00:00:00,1414.72
2025-12-12T01:00:00,1383.72
2025-12-12T02:00:00,1361.14
2025-12-12T03:00:00,1348.39
2025-12-12T04:00:00,1368.84
2025-12-12T05:00:00,1396.66
2025-12-12T06:00:00,1476.68
2025-12-12T07:00:00,1590.1
2025-12-12T08:00:00,1632.15
2025-12-12T09:00:00,1540.44
2025-12-12T10:00:00,1392.29
2025-12-12T11:00:00,1278.35
2025-12-12T12:00:00,1214.7
2025-12-12T13:00:00,1194.75
2025-12-12T14:00:00,1207.9
2025-12-12T15:00:00,1264.62
2025-12-12T16:00:00,1358.77
2025-12-12T17:00:00,1476.44
2025-12-12T18:00:00,1548.2
2025-12-12T19:00:00,1560.04
2025-12-12T20:00:00,1541.06
2025-12-12T21:00:00,1506.13
2025-12-12T22:00:00,1478.84
2025-12-12T23:00:00,1429.5
2025-12-13T00:00:00,1372.69
2025-12-13T01:00:00,1328.7
2025-12-13T02:00:00,1309.77
2025-12-13T03:00:00,1306.74
2025-12-13T04:00:00,1318.71
2025-12-13T05:00:00,1333.72
2025-12-13T06:00:00,1384.76
2025-12-13T07:00:00,1458.16
2025-12-13T08:00:00,1502.24
2025-12-13T09:00:00,1441.81
2025-12-13T10:00:00,1301.62
2025-12-13T11:00:00,1202.3
2025-12-13T12:00:00,1146.52
2025-12-13T13:00:00,1139.19
2025-12-13T14:00:00,1153.17
2025-12-13T15:00:00,1225.53
2025-12-13T16:00:00,1328.73
2025-12-13T17:00:00,1475.88
2025-12-13T18:00:00,1544.23
2025-12-13T19:00:00,1534.03
2025-12-13T20:00:00,1512.73
2025-12-13T21:00:00,1522.42
2025-12-13T22:00:00,1482.08
2025-12-13T23:00:00,1441.52
2025-12-14T00:00:00,1391.73
2025-12-14T01:00:00,1344.63
2025-12-14T02:00:00,1319.69
2025-12-14T03:00:00,1289.78
2025-12-14T04:00:00,1269.79
2025-12-14T05:00:00,1304.75
2025-12-14T06:00:00,1349.71
2025-12-14T07:00:00,1407.77
2025-12-14T08:00:00,1466.86
2025-12-14T09:00:00,1409.03
2025-12-14T10:00:00,1282.46
2025-12-14T11:00:00,1190.81
2025-12-14T12:00:00,1182.59
2025-12-14T13:00:00,1210.67
2025-12-14T14:00:00,1222.3
2025-12-14T15:00:00,1306.02
2025-12-14T16:00:00,1421.32
2025-12-14T17:00:00,1551.76
2025-12-14T18:00:00,1638.15
2025-12-14T19:00:00,1649.91
2025-12-14T20:00:00,1608.97
2025-12-14T21:00:00,1564.1
2025-12-14T22:00:00,1500.79
2025-12-14T23:00:00,1441.48
2025-12-15T00:00:00,1392.81
2025-12-15T01:00:00,1354.82
2025-12-15T02:00:00,1339.7
2025-12-15T03:00:00,1320.65
2025-12-15T04:00:00,1333.63
2025-12-15T05:00:00,1358.76
2025-12-15T06:00:00,1427.33
2025-12-15T07:00:00,1526.3
2025-12-15T08:00:00,1587.18
2025-12-15T09:00:00,1505.54
2025-12-15T10:00:00,1348.33
2025-12-15T11:00:00,1274.09
2025-12-15T12:00:00,1228.94
2025-12-15T13:00:00,1243.65
2025-12-15T14:00:00,1284.27
2025-12-15T15:00:00,1365.85
2025-12-15T16:00:00,1457.25
2025-12-15T17:00:00,1575.57
2025-12-15T18:00:00,1675.31
2025-12-15T19:00:00,1702.1
2025-12-15T20:00:00,1671.01
2025-12-15T21:00:00,1630.49
2025-12-15T22:00:00,1578.89
2025-12-15T23:00:00,1505.05
2025-12-16T00:00:00,1447.12
2025-12-16T01:00:00,1392.21
2025-12-16T02:00:00,1371.23
2025-12-16T03:00:00,1363.21
2025-12-16T04:00:00,1373.24
2025-12-16T05:00:00,1420.44
2025-12-16T06:00:00,1502.68
2025-12-16T07:00:00,1608.64
2025-12-16T08:00:00,1655.75
2025-12-16T09:00:00,1562.67
2025-12-16T10:00:00,1416.15
2025-12-16T11:00:00,1308.07
2025-12-16T12:00:00,1256.59
2025-12-16T13:00:00,1230.21
2025-12-16T14:00:00,1261.27
2025-12-16T15:00:00,1319.37
2025-12-16T16:00:00,1398.62
2025-12-16T17:00:00,1508.95
2025-12-16T18:00:00,1616.62
2025-12-16T19:00:00,1659.67
2025-12-16T20:00:00,1637.28
2025-12-16T21:00:00,1608.06
2025-12-16T22:00:00,1566.67
2025-12-16T23:00:00,1496.56
2025-12-17T00:00:00,1445.74
2025-12-17T01:00:00,1415.8
2025-12-17T02:00:00,1392.76
2025-12-17T03:00:00,1396.74
2025-12-17T04:00:00,1401.66
2025-12-17T05:00:00,1440.8
2025-12-17T06:00:00,1518.79
2025-12-17T07:00:00,1620.78
2025-12-17T08:00:00,1642.96
2025-12-17T09:00:00,1526.54
2025-12-17T10:00:00,1370.1
2025-12-17T11:00:00,1255.89
2025-12-17T12:00:00,1196.59
2025-12-17T13:00:00,1162.4
2025-12-17T14:00:00,1182.6
2025-12-17T15:00:00,1249.76
2025-12-17T16:00:00,1340.58
2025-12-17T17:00:00,1474.55
2025-12-17T18:00:00,1588.51
2025-12-17T19:00:00,1604.66
2025-12-17T20:00:00,1599.21
2025-12-17T21:00:00,1596.51
2025-12-17T22:00:00,1579.17
2025-12-17T23:00:00,1520.94
2025-12-18T00:00:00,1455.74
2025-12-18T01:00:00,1419.76
2025-12-18T02:00:00,1402.67
2025-12-18T03:00:00,1395.54
2025-12-18T04:00:00,1402.59
2025-12-18T05:00:00,1432.62
2025-12-18T06:00:00,1514.96
2025-12-18T07:00:00,1614.29
2025-12-18T08:00:00,1655.13
2025-12-18T09:00:00,1579.6
2025-12-18T10:00:00,1419.14
2025-12-18T11:00:00,1310.23
2025-12-18T12:00:00,1251.94
2025-12-18T13:00:00,1230.29
2025-12-18T14:00:00,1260.75
2025-12-18T15:00:00,1320.17
2025-12-18T16:00:00,1417.39
2025-12-18T17:00:00,1523.73
2025-12-18T18:00:00,1614.84
2025-12-18T19:00:00,1651.62
2025-12-18T20:00:00,1635.3
2025-12-18T21:00:00,1612.41
2025-12-18T22:00:00,1574.76
2025-12-18T23:00:00,1523.52
2025-12-19T00:00:00,1447.84
2025-12-19T01:00:00,1405.81
2025-12-19T02:00:00,1390.81
2025-12-19T03:00:00,1383.64
2025-12-19T04:00:00,1395.71
2025-12-19T05:00:00,1429.75
2025-12-19T06:00:00,1506.78
2025-12-19T07:00:00,1599.88
2025-12-19T08:00:00,1653.04
2025-12-19T09:00:00,1569.83
2025-12-19T10:00:00,1434.53
2025-12-19T11:00:00,1321.81
2025-12-19T12:00:00,1260.68
2025-12-19T13:00:00,1265.92
2025-12-19T14:00:00,1278.87
2025-12-19T15:00:00,1335.16
2025-12-19T16:00:00,1439.78
2025-12-19T17:00:00,1552.12
2025-12-19T18:00:00,1659.51
2025-12-19T19:00:00,1651.61
2025-12-19T20:00:00,1624.69
2025-12-19T21:00:00,1594.36
2025-12-19T22:00:00,1565.89
2025-12-19T23:00:00,1505.52
2025-12-20T00:00:00,1462.8
2025-12-20T01:00:00,1409.75
2025-12-20T02:00:00,1388.72
2025-12-20T03:00:00,1368.74
2025-12-20T04:00:00,1380.77
2025-12-20T05:00:00,1392.79
2025-12-20T06:00:00,1440.71
2025-12-20T07:00:00,1490.71
2025-12-20T08:00:00,1551.74
2025-12-20T09:00:00,1518.92
2025-12-20T10:00:00,1408.65
2025-12-20T11:00:00,1321.91
2025-12-20T12:00:00,1271.81
2025-12-20T13:00:00,1239.86
2025-12-20T14:00:00,1239.44
2025-12-20T15:00:00,1322.8
2025-12-20T16:00:00,1436.76
2025-12-20T17:00:00,1554.12
2025-12-20T18:00:00,1631.63
2025-12-20T19:00:00,1643.62
2025-12-20T20:00:00,1611.74
2025-12-20T21:00:00,1582.31
2025-12-20T22:00:00,1524.64
2025-12-20T23:00:00,1479.49
2025-12-21T00:00:00,1449.82
2025-12-21T01:00:00,1388.76
2025-12-21T02:00:00,1367.8
2025-12-21T03:00:00,1350.81
2025-12-21T04:00:00,1354.82
2025-12-21T05:00:00,1366.78
2025-12-21T06:00:00,1406.8
2025-12-21T07:00:00,1462.79
2025-12-21T08:00:00,1507.74
2025-12-21T09:00:00,1463.81
2025-12-21T10:00:00,1348.67
2025-12-21T11:00:00,1237.74
2025-12-21T12:00:00,1203.91
2025-12-21T13:00:00,1194.1
2025-12-21T14:00:00,1233.62
2025-12-21T15:00:00,1299.91
2025-12-21T16:00:00,1409.85
2025-12-21T17:00:00,1525.88
2025-12-21T18:00:00,1622.31
2025-12-21T19:00:00,1626.55
2025-12-21T20:00:00,1592.1
2025-12-21T21:00:00,1568.03
2025-12-21T22:00:00,1534.63
2025-12-21T23:00:00,1459.42
2025-12-22T00:00:00,1400.82
2025-12-22T01:00:00,1363.79
2025-12-22T02:00:00,1346.75
2025-12-22T03:00:00,1329.65
2025-12-22T04:00:00,1345.7
2025-12-22T05:00:00,1379.79
2025-12-22T06:00:00,1450.76
2025-12-22T07:00:00,1526.77
2025-12-22T08:00:00,1569.77
2025-12-22T09:00:00,1519.95
2025-12-22T10:00:00,1374.61
2025-12-22T11:00:00,1287.78
2025-12-22T12:00:00,1250.85
2025-12-22T13:00:00,1251.22
2025-12-22T14:00:00,1300.35
2025-12-22T15:00:00,1374.0
2025-12-22T16:00:00,1509.77
2025-12-22T17:00:00,1566.0
2025-12-22T18:00:00,1660.67
2025-12-22T19:00:00,1657.58
2025-12-22T20:00:00,1618.13
2025-12-22T21:00:00,1584.09
2025-12-22T22:00:00,1547.82
2025-12-22T23:00:00,1481.54
2025-12-23T00:00:00,1417.73
2025-12-23T01:00:00,1370.73
2025-12-23T02:00:00,1337.75
2025-12-23T03:00:00,1322.8
2025-12-23T04:00:00,1328.73
2025-12-23T05:00:00,1354.72
2025-12-23T06:00:00,1415.72
2025-12-23T07:00:00,1483.77
2025-12-23T08:00:00,1534.79
2025-12-23T09:00:00,1487.0
2025-12-23T10:00:00,1395.68
2025-12-23T11:00:00,1348.79
2025-12-23T12:00:00,1296.89
2025-12-23T13:00:00,1299.58
2025-12-23T14:00:00,1334.06
2025-12-23T15:00:00,1376.43
2025-12-23T16:00:00,1441.83
2025-12-23T17:00:00,1501.04
2025-12-23T18:00:00,1572.52
2025-12-23T19:00:00,1609.53
2025-12-23T20:00:00,1571.41
2025-12-23T21:00:00,1548.28
2025-12-23T22:00:00,1510.62
2025-12-23T23:00:00,1457.46
2025-12-24T00:00:00,1393.76
2025-12-24T01:00:00,1339.71
2025-12-24T02:00:00,1307.98
2025-12-24T03:00:00,1265.13
2025-12-24T04:00:00,1259.67
2025-12-24T05:00:00,1283.65
2025-12-24T06:00:00,1333.71
2025-12-24T07:00:00,1373.59
2025-12-24T08:00:00,1429.78
2025-12-24T09:00:00,1491.52
2025-12-24T10:00:00,1535.59
2025-12-24T11:00:00,1556.24
2025-12-24T12:00:00,1558.34
2025-12-24T13:00:00,1543.01
2025-12-24T14:00:00,1542.01
2025-12-24T15:00:00,1538.53
2025-12-24T16:00:00,1556.67
2025-12-24T17:00:00,1588.73
2025-12-24T18:00:00,1626.95
2025-12-24T19:00:00,1589.91
2025-12-24T20:00:00,1551.41
2025-12-24T21:00:00,1526.42
2025-12-24T22:00:00,1494.13
2025-12-24T23:00:00,1448.94
2025-12-25T00:00:00,1398.43
2025-12-25T01:00:00,1367.22
2025-12-25T02:00:00,1329.77
2025-12-25T03:00:00,1284.69
2025-12-25T04:00:00,1287.68
2025-12-25T05:00:00,1298.78
2025-12-25T06:00:00,1319.76
2025-12-25T07:00:00,1362.68
2025-12-25T08:00:00,1402.79
2025-12-25T09:00:00,1459.06
2025-12-25T10:00:00,1433.8
2025-12-25T11:00:00,1302.79
2025-12-25T12:00:00,1276.95
2025-12-25T13:00:00,1180.1
2025-12-25T14:00:00,1184.42
2025-12-25T15:00:00,1236.55
2025-12-25T16:00:00,1340.93
2025-12-25T17:00:00,1463.45
2025-12-25T18:00:00,1537.41
2025-12-25T19:00:00,1546.56
2025-12-25T20:00:00,1536.47
2025-12-25T21:00:00,1499.33
2025-12-25T22:00:00,1467.81
2025-12-25T23:00:00,1435.76
2025-12-26T00:00:00,1370.7
2025-12-26T01:00:00,1331.81
2025-12-26T02:00:00,1309.83
2025-12-26T03:00:00,1265.63
2025-12-26T04:00:00,1244.7
2025-12-26T05:00:00,1290.7
2025-12-26T06:00:00,1350.7
2025-12-26T07:00:00,1385.68
2025-12-26T08:00:00,1420.79
2025-12-26T09:00:00,1384.86
2025-12-26T10:00:00,1288.65
2025-12-26T11:00:00,1250.91
2025-12-26T12:00:00,1224.9
2025-12-26T13:00:00,1199.76
2025-12-26T14:00:00,1277.17
2025-12-26T15:00:00,1365.96
2025-12-26T16:00:00,1413.14
2025-12-26T17:00:00,1506.1
2025-12-26T18:00:00,1590.3
2025-12-26T19:00:00,1588.09
2025-12-26T20:00:00,1555.72
2025-12-26T21:00:00,1542.02
2025-12-26T22:00:00,1511.97
2025-12-26T23:00:00,1462.39
2025-12-27T00:00:00,1417.72
2025-12-27T01:00:00,1369.41
2025-12-27T02:00:00,1328.61
2025-12-27T03:00:00,1312.47
2025-12-27T04:00:00,1307.72
2025-12-27T05:00:00,1316.72
2025-12-27T06:00:00,1341.65
2025-12-27T07:00:00,1382.73
2025-12-27T08:00:00,1426.74
2025-12-27T09:00:00,1460.05
2025-12-27T10:00:00,1459.8
2025-12-27T11:00:00,1394.92
2025-12-27T12:00:00,1327.16
2025-12-27T13:00:00,1284.62
2025-12-27T14:00:00,1232.26
2025-12-27T15:00:00,1242.05
2025-12-27T16:00:00,1352.99
2025-12-27T17:00:00,1454.1
2025-12-27T18:00:00,1559.12
2025-12-27T19:00:00,1583.66
2025-12-27T20:00:00,1560.39
2025-12-27T21:00:00,1543.65
2025-12-27T22:00:00,1507.85
2025-12-27T23:00:00,1462.67
2025-12-28T00:00:00,1404.75
2025-12-28T01:00:00,1354.71
2025-12-28T02:00:00,1329.65
2025-12-28T03:00:00,1323.67
2025-12-28T04:00:00,1327.7
2025-12-28T05:00:00,1337.7
2025-12-28T06:00:00,1382.77
2025-12-28T07:00:00,1430.79
2025-12-28T08:00:00,1470.75
2025-12-28T09:00:00,1446.22
2025-12-28T10:00:00,1328.74
2025-12-28T11:00:00,1226.88
2025-12-28T12:00:00,1162.9
2025-12-28T13:00:00,1130.38
2025-12-28T14:00:00,1147.56
2025-12-28T15:00:00,1200.77
2025-12-28T16:00:00,1301.97
2025-12-28T17:00:00,1445.63
2025-12-28T18:00:00,1563.52
2025-12-28T19:00:00,1616.58
2025-12-28T20:00:00,1595.0
2025-12-28T21:00:00,1589.72
2025-12-28T22:00:00,1552.11
2025-12-28T23:00:00,1483.44
2025-12-29T00:00:00,1429.82
2025-12-29T01:00:00,1407.73
2025-12-29T02:00:00,1377.73
2025-12-29T03:00:00,1360.79
2025-12-29T04:00:00,1375.79
2025-12-29T05:00:00,1388.73
2025-12-29T06:00:00,1455.76
2025-12-29T07:00:00,1541.76
2025-12-29T08:00:00,1597.72
2025-12-29T09:00:00,1621.01
2025-12-29T10:00:00,1594.96
2025-12-29T11:00:00,1581.24
2025-12-29T12:00:00,1499.31
2025-12-29T13:00:00,1398.59
2025-12-29T14:00:00,1345.48
2025-12-29T15:00:00,1361.31
2025-12-29T16:00:00,1431.24
2025-12-29T17:00:00,1523.66
2025-12-29T18:00:00,1626.62
2025-12-29T19:00:00,1668.54
2025-12-29T20:00:00,1620.11
2025-12-29T21:00:00,1602.88
2025-12-29T22:00:00,1561.64
2025-12-29T23:00:00,1505.22
2025-12-30T00:00:00,1425.7
2025-12-30T01:00:00,1355.77
2025-12-30T02:00:00,1306.57
2025-12-30T03:00:00,1294.59
2025-12-30T04:00:00,1285.61
2025-12-30T05:00:00,1319.62
2025-12-30T06:00:00,1381.69
2025-12-30T07:00:00,1445.68
2025-12-30T08:00:00,1489.88
2025-12-30T09:00:00,1475.25
2025-12-30T10:00:00,1415.75
2025-12-30T11:00:00,1319.2
2025-12-30T12:00:00,1282.85
2025-12-30T13:00:00,1248.43
2025-12-30T14:00:00,1229.4
2025-12-30T15:00:00,1287.67
2025-12-30T16:00:00,1350.4
2025-12-30T17:00:00,1474.71
2025-12-30T18:00:00,1586.59
2025-12-30T19:00:00,1633.66
2025-12-30T20:00:00,1606.63
2025-12-30T21:00:00,1591.5
2025-12-30T22:00:00,1554.77
2025-12-30T23:00:00,1501.39
2025-12-31T00:00:00,1430.73
2025-12-31T01:00:00,1396.69
2025-12-31T02:00:00,1355.72
2025-12-31T03:00:00,1346.7
2025-12-31T04:00:00,1342.77
2025-12-31T05:00:00,1372.79
2025-12-31T06:00:00,1428.78
2025-12-31T07:00:00,1503.68
2025-12-31T08:00:00,1553.74
2025-12-31T09:00:00,1590.44
2025-12-31T10:00:00,1618.72
2025-12-31T11:00:00,1601.17
2025-12-31T12:00:00,1559.21
2025-12-31T13:00:00,1541.09
2025-12-31T14:00:00,1586.84
2025-12-31T15:00:00,1604.39
2025-12-31T16:00:00,1592.72
